,wavfilename,individual_id
0,cutted_day1_PC1109_0172_augpal.wav,PC1109_chiffchaffs_birds
1,cutted_day1_PC1109_0546_augpc1107.wav,PC1109_chiffchaffs_birds
2,cutted_day1_PC1113_0031_aug229.wav,PC1113_chiffchaffs_birds
3,pipit2017fg_train_0212_0037_aug0811.wav,0212_pipits_birds
4,cutted_day1_PC1109_0485_augf91913.wav,PC1109_chiffchaffs_birds
5,cutted_day1_PC1109_0292_aug0911.wav,PC1109_chiffchaffs_birds
6,cutted_day1_PC1113_0057_augpc1102.wav,PC1113_chiffchaffs_birds
7,pipit2017fg_train_0712_0008_augf91915.wav,0712_pipits_birds
8,cutted_day1_PC1113_0069_augf91973.wav,PC1113_chiffchaffs_birds
9,cutted_day1_PC1113_0060_aug7.wav,PC1113_chiffchaffs_birds
10,cutted_day1_PC1109_0041_aug0712.wav,PC1109_chiffchaffs_birds
11,pipit2017fg_train_0312_0034_augpc1112.wav,0312_pipits_birds
12,cutted_day1_PC1109_0121_auglis.wav,PC1109_chiffchaffs_birds
13,cutted_day1_PC1109_0345_augpc1107.wav,PC1109_chiffchaffs_birds
14,cutted_fgx_F91915_0033_aug1611.wav,F91915_chiffchaffs_birds
15,pipit2017fg_train_0212_0001_augkme.wav,0212_pipits_birds
16,cutted_day1_PC1109_0062_augdub.wav,PC1109_chiffchaffs_birds
17,cutted_day2_PC1109_0055.wav,PC1109_chiffchaffs_birds
18,cutted_day1_PC1113_0059_augpc1102.wav,PC1113_chiffchaffs_birds
19,pipit2017fg_train_0712_0003_aug0312.wav,0712_pipits_birds
20,cutted_fgx_F91915_0014_augf91903.wav,F91915_chiffchaffs_birds
21,cutted_fgx_F91915_0027_augradbf.wav,F91915_chiffchaffs_birds
22,cutted_day1_PC1113_0010_aug1011.wav,PC1113_chiffchaffs_birds
23,littleowl2017fg_train_MNE_0003_augpc1107.wav,MNE_littleowls_birds
24,cutted_day1_PC1113_0020_augradbf.wav,PC1113_chiffchaffs_birds
25,cutted_day1_PC1113_0136_aug0911.wav,PC1113_chiffchaffs_birds
26,cutted_day1_PC1109_0537_aug193.wav,PC1109_chiffchaffs_birds
27,pipit2017fg_train_0212_0039_aug229.wav,0212_pipits_birds
28,cutted_day1_PC1109_0233_augvev.wav,PC1109_chiffchaffs_birds
29,cutted_day1_PC1109_0380_aug0811.wav,PC1109_chiffchaffs_birds
30,cutted_day1_PC1113_0070_aug0811.wav,PC1113_chiffchaffs_birds
31,littleowl2017fg_train_RADK_0021_augpc1108.wav,RADK_littleowls_birds
32,cutted_day1_PC1109_0062_aug1711.wav,PC1109_chiffchaffs_birds
33,cutted_day1_PC1109_0151_augpc1105.wav,PC1109_chiffchaffs_birds
34,cutted_fgx_F91915_0006_augmne.wav,F91915_chiffchaffs_birds
35,pipit2017fg_train_0712_0005_augrac.wav,0712_pipits_birds
36,cutted_day1_PC1109_0391_augradbf.wav,PC1109_chiffchaffs_birds
37,cutted_day1_PC1109_0267_augrac.wav,PC1109_chiffchaffs_birds
38,cutted_day1_PC1113_0134_augradk.wav,PC1113_chiffchaffs_birds
39,littleowl2017fg_train_MNE_0023_aug94.wav,MNE_littleowls_birds
40,cutted_day1_PC1109_0390_augpc1107.wav,PC1109_chiffchaffs_birds
41,cutted_day1_PC1109_0043_augf91959.wav,PC1109_chiffchaffs_birds
42,cutted_day1_PC1113_0127_augvev.wav,PC1113_chiffchaffs_birds
43,pipit2017fg_train_0212_0006_augpc1104.wav,0212_pipits_birds
44,cutted_day1_PC1109_0136_augpc1107.wav,PC1109_chiffchaffs_birds
45,cutted_day1_PC1109_0731_augf91915.wav,PC1109_chiffchaffs_birds
46,cutted_day1_PC1113_0065_aug94.wav,PC1113_chiffchaffs_birds
47,littleowl2017fg_train_MNE_0001_augpc1108.wav,MNE_littleowls_birds
48,cutted_day1_PC1109_0602_augpc1104.wav,PC1109_chiffchaffs_birds
49,cutted_day1_PC1109_0063_augf91916.wav,PC1109_chiffchaffs_birds
50,cutted_fgx_F91915_0034_aug0911.wav,F91915_chiffchaffs_birds
51,littleowl2017fg_train_MNE_0019_aug1211.wav,MNE_littleowls_birds
52,cutted_day1_PC1109_0380_aug1511.wav,PC1109_chiffchaffs_birds
53,cutted_day1_PC1109_0048_augpc1111.wav,PC1109_chiffchaffs_birds
54,cutted_day1_PC1113_0031_augdub.wav,PC1113_chiffchaffs_birds
55,pipit2017fg_train_0712_0015_aug0911.wav,0712_pipits_birds
56,cutted_day1_PC1109_0078_augbre.wav,PC1109_chiffchaffs_birds
57,cutted_day1_PC1109_0700_augradbf.wav,PC1109_chiffchaffs_birds
58,cutted_day1_PC1113_0039_augpc1102.wav,PC1113_chiffchaffs_birds
59,pipit2017fg_train_0312_0009_augmne.wav,0312_pipits_birds
60,cutted_day1_PC1109_0722_augpal.wav,PC1109_chiffchaffs_birds
61,cutted_day1_PC1109_0142_augpc1107.wav,PC1109_chiffchaffs_birds
62,cutted_day1_PC1113_0097_aug1511.wav,PC1113_chiffchaffs_birds
63,pipit2017fg_train_0312_0032_augf91915.wav,0312_pipits_birds
64,cutted_day1_PC1109_0547_augpc1107.wav,PC1109_chiffchaffs_birds
65,cutted_day1_PC1109_0040_augpc1110.wav,PC1109_chiffchaffs_birds
66,cutted_day1_PC1113_0156_aug0712.wav,PC1113_chiffchaffs_birds
67,pipit2017fg_train_0712_0001_augpc1108.wav,0712_pipits_birds
68,cutted_fgx_F91915_0017_augdub.wav,F91915_chiffchaffs_birds
69,cutted_fgx_F91915_0002_augpc1109.wav,F91915_chiffchaffs_birds
70,cutted_day1_PC1113_0027_augmne.wav,PC1113_chiffchaffs_birds
71,pipit2017fg_train_0212_0019_aug0911.wav,0212_pipits_birds
72,cutted_day1_PC1109_0678_augrac.wav,PC1109_chiffchaffs_birds
73,cutted_day1_PC1109_0718_augrac.wav,PC1109_chiffchaffs_birds
74,cutted_fgx_F91915_0015_aug0712.wav,F91915_chiffchaffs_birds
75,littleowl2017fg_train_DUB_0018_augpc1106.wav,DUB_littleowls_birds
76,cutted_day1_PC1113_0007_aug1611.wav,PC1113_chiffchaffs_birds
77,cutted_day1_PC1113_0001_aug1211.wav,PC1113_chiffchaffs_birds
78,cutted_day1_PC1109_0138_augpc1111.wav,PC1109_chiffchaffs_birds
79,littleowl2017fg_train_DUB_0028_augkme.wav,DUB_littleowls_birds
80,cutted_day1_PC1109_0544_augpc1106.wav,PC1109_chiffchaffs_birds
81,cutted_day1_PC1109_0033_augpc1107.wav,PC1109_chiffchaffs_birds
82,cutted_day1_PC1113_0086_augvev.wav,PC1113_chiffchaffs_birds
83,pipit2017fg_train_0312_0027_aug1611.wav,0312_pipits_birds
84,cutted_day1_PC1109_0282_aug1611.wav,PC1109_chiffchaffs_birds
85,cutted_day1_PC1109_0342_augpc1104.wav,PC1109_chiffchaffs_birds
86,cutted_fgx_F91915_0036_augradbf.wav,F91915_chiffchaffs_birds
87,pipit2017fg_train_0212_0015_augf72726.wav,0212_pipits_birds
88,cutted_day1_PC1109_0361_augpc1106.wav,PC1109_chiffchaffs_birds
89,cutted_day1_PC1109_0104_aug94.wav,PC1109_chiffchaffs_birds
90,cutted_fgx_F91915_0008_aug94.wav,F91915_chiffchaffs_birds
91,littleowl2017fg_train_MNE_0026_augkme.wav,MNE_littleowls_birds
92,cutted_day1_PC1109_0402_aug1511.wav,PC1109_chiffchaffs_birds
93,cutted_day1_PC1109_0657_aug229.wav,PC1109_chiffchaffs_birds
94,cutted_day1_PC1113_0053_augvev.wav,PC1113_chiffchaffs_birds
95,littleowl2017fg_train_MNE_0011_augpc1104.wav,MNE_littleowls_birds
96,cutted_day1_PC1109_0341_aug0212.wav,PC1109_chiffchaffs_birds
97,cutted_day1_PC1109_0604_aug229.wav,PC1109_chiffchaffs_birds
98,cutted_day1_PC1113_0173_aug0911.wav,PC1113_chiffchaffs_birds
99,pipit2017fg_train_0712_0003_augpc1101.wav,0712_pipits_birds
100,cutted_day1_PC1109_0165_augf91973.wav,PC1109_chiffchaffs_birds
101,cutted_day1_PC1109_0268_augrac.wav,PC1109_chiffchaffs_birds
102,cutted_day1_PC1113_0187_augbre.wav,PC1113_chiffchaffs_birds
103,littleowl2017fg_train_RADK_0002_aug1711.wav,RADK_littleowls_birds
104,cutted_day1_PC1109_0600_augf91959.wav,PC1109_chiffchaffs_birds
105,cutted_day1_PC1109_0122_augf91973.wav,PC1109_chiffchaffs_birds
106,cutted_fgx_F91915_0025_augcer.wav,F91915_chiffchaffs_birds
107,littleowl2017fg_train_DUB_0027_aug1611.wav,DUB_littleowls_birds
108,cutted_day1_PC1109_0270_augmne.wav,PC1109_chiffchaffs_birds
109,cutted_day1_PC1109_0509_augvev.wav,PC1109_chiffchaffs_birds
110,cutted_day1_PC1113_0039_augpal.wav,PC1113_chiffchaffs_birds
111,pipit2017fg_train_0312_0022_augpc1110.wav,0312_pipits_birds
112,cutted_day1_PC1109_0389_augbre.wav,PC1109_chiffchaffs_birds
113,cutted_day1_PC1109_0733_augmne.wav,PC1109_chiffchaffs_birds
114,cutted_day1_PC1113_0016_aug1711.wav,PC1113_chiffchaffs_birds
115,pipit2017fg_train_0312_0005_augpc1113.wav,0312_pipits_birds
116,cutted_day1_PC1109_0144_aug0811.wav,PC1109_chiffchaffs_birds
117,cutted_day1_PC1109_0745_augf91954.wav,PC1109_chiffchaffs_birds
118,cutted_day1_PC1113_0074_augvev.wav,PC1113_chiffchaffs_birds
119,pipit2017fg_train_0712_0001_augpc1113.wav,0712_pipits_birds
120,cutted_day1_PC1109_0174_augpc1106.wav,PC1109_chiffchaffs_birds
121,cutted_day1_PC1109_0560_aug0212.wav,PC1109_chiffchaffs_birds
122,cutted_day1_PC1113_0007_augpc1110.wav,PC1113_chiffchaffs_birds
123,pipit2017fg_train_0712_0005_augpc1112.wav,0712_pipits_birds
124,cutted_day1_PC1109_0166_augbre.wav,PC1109_chiffchaffs_birds
125,cutted_day1_PC1109_0724_augpc1101.wav,PC1109_chiffchaffs_birds
126,cutted_day1_PC1113_0100_augcer.wav,PC1113_chiffchaffs_birds
127,littleowl2017fg_train_DUB_0002_augpc1104.wav,DUB_littleowls_birds
128,cutted_day1_PC1109_0560.wav,PC1109_chiffchaffs_birds
129,cutted_day1_PC1109_0236_aug193.wav,PC1109_chiffchaffs_birds
130,cutted_day1_PC1113_0062_augf91916.wav,PC1113_chiffchaffs_birds
131,pipit2017fg_train_0212_0004_aug1211.wav,0212_pipits_birds
132,cutted_day1_PC1109_0158_aug0911.wav,PC1109_chiffchaffs_birds
133,cutted_day1_PC1109_0324_aug0212.wav,PC1109_chiffchaffs_birds
134,cutted_day1_PC1113_0059_augpc1105.wav,PC1113_chiffchaffs_birds
135,littleowl2017fg_train_RADK_0020_augmne.wav,RADK_littleowls_birds
136,cutted_day1_PC1109_0238_augpc1110.wav,PC1109_chiffchaffs_birds
137,cutted_day1_PC1109_0521_aug1511.wav,PC1109_chiffchaffs_birds
138,cutted_day1_PC1113_0116_aug1611.wav,PC1113_chiffchaffs_birds
139,littleowl2017fg_train_MNE_0004.wav,MNE_littleowls_birds
140,cutted_day1_PC1109_0071_augcer.wav,PC1109_chiffchaffs_birds
141,cutted_day1_PC1109_0623_augpc1110.wav,PC1109_chiffchaffs_birds
142,cutted_day1_PC1113_0174_aug0312.wav,PC1113_chiffchaffs_birds
143,littleowl2017fg_test_MNE_0009.wav,MNE_littleowls_birds
144,cutted_day1_PC1109_0563_augpal.wav,PC1109_chiffchaffs_birds
145,cutted_day1_PC1109_0056_augpc1107.wav,PC1109_chiffchaffs_birds
146,cutted_fgx_F91915_0030_auglis.wav,F91915_chiffchaffs_birds
147,littleowl2017fg_train_MNE_0003_augf91916.wav,MNE_littleowls_birds
148,cutted_day1_PC1109_0041_augpc1104.wav,PC1109_chiffchaffs_birds
149,cutted_day1_PC1109_0211_augpc1111.wav,PC1109_chiffchaffs_birds
150,cutted_day1_PC1113_0039_augmne.wav,PC1113_chiffchaffs_birds
151,pipit2017fg_train_0712_0019_augradk.wav,0712_pipits_birds
152,cutted_day1_PC1109_0156_augpc1105.wav,PC1109_chiffchaffs_birds
153,cutted_day1_PC1109_0420_aug0212.wav,PC1109_chiffchaffs_birds
154,cutted_day1_PC1113_0097_augf91959.wav,PC1113_chiffchaffs_birds
155,pipit2017fg_train_0712_0024_aug94.wav,0712_pipits_birds
156,cutted_day1_PC1109_0082_augf91969.wav,PC1109_chiffchaffs_birds
157,cutted_day1_PC1109_0339_augmne.wav,PC1109_chiffchaffs_birds
158,cutted_day1_PC1113_0035.wav,PC1113_chiffchaffs_birds
159,pipit2017fg_train_0312_0010_aug1211.wav,0312_pipits_birds
160,cutted_day1_PC1113_0064_aug1211.wav,PC1113_chiffchaffs_birds
161,cutted_day1_PC1113_0151_aug108.wav,PC1113_chiffchaffs_birds
162,cutted_day1_PC1109_0217_augrac.wav,PC1109_chiffchaffs_birds
163,pipit2017fg_train_0212_0027_augpc1105.wav,0212_pipits_birds
164,cutted_day1_PC1109_0582_aug193.wav,PC1109_chiffchaffs_birds
165,cutted_day1_PC1109_0406_aug94.wav,PC1109_chiffchaffs_birds
166,cutted_day1_PC1113_0088_augpc1102.wav,PC1113_chiffchaffs_birds
167,pipit2017fg_train_0212_0020_augf91915.wav,0212_pipits_birds
168,cutted_day1_PC1113_0048_augf91916.wav,PC1113_chiffchaffs_birds
169,cutted_day1_PC1113_0086_aug0212.wav,PC1113_chiffchaffs_birds
170,cutted_day1_PC1109_0755_auglis.wav,PC1109_chiffchaffs_birds
171,pipit2017fg_train_0312_0033_aug0212.wav,0312_pipits_birds
172,cutted_day1_PC1109_0575_aug0212.wav,PC1109_chiffchaffs_birds
173,cutted_day1_PC1109_0705_augvev.wav,PC1109_chiffchaffs_birds
174,cutted_day1_PC1113_0025_augpc1107.wav,PC1113_chiffchaffs_birds
175,pipit2017fg_train_0312_0019_augf91959.wav,0312_pipits_birds
176,cutted_day1_PC1109_0270_aug7.wav,PC1109_chiffchaffs_birds
177,cutted_day1_PC1109_0063_augpc1101.wav,PC1109_chiffchaffs_birds
178,cutted_day1_PC1113_0152_augpc1102.wav,PC1113_chiffchaffs_birds
179,littleowl2017fg_train_MNE_0021_augpal.wav,MNE_littleowls_birds
180,cutted_day1_PC1109_0294_augpc1110.wav,PC1109_chiffchaffs_birds
181,cutted_day1_PC1109_0596.wav,PC1109_chiffchaffs_birds
182,cutted_day1_PC1113_0178_aug1711.wav,PC1113_chiffchaffs_birds
183,littleowl2017fg_train_RADK_0022_aug7.wav,RADK_littleowls_birds
184,cutted_day1_PC1109_0309_augcer.wav,PC1109_chiffchaffs_birds
185,cutted_day1_PC1109_0381_augpc1103.wav,PC1109_chiffchaffs_birds
186,cutted_day1_PC1113_0012_augradbf.wav,PC1113_chiffchaffs_birds
187,littleowl2017fg_train_DUB_0025_augpc1104.wav,DUB_littleowls_birds
188,cutted_day1_PC1109_0110_aug1511.wav,PC1109_chiffchaffs_birds
189,cutted_day1_PC1109_0377_aug193.wav,PC1109_chiffchaffs_birds
190,cutted_day1_PC1113_0181_augf91973.wav,PC1113_chiffchaffs_birds
191,pipit2017fg_train_0212_0002_aug0911.wav,0212_pipits_birds
192,cutted_day1_PC1109_0102_aug193.wav,PC1109_chiffchaffs_birds
193,cutted_day1_PC1109_0410_augpal.wav,PC1109_chiffchaffs_birds
194,cutted_day1_PC1113_0018_aug193.wav,PC1113_chiffchaffs_birds
195,littleowl2017fg_train_DUB_0027_augmne.wav,DUB_littleowls_birds
196,cutted_day1_PC1109_0043_augf91913.wav,PC1109_chiffchaffs_birds
197,cutted_day1_PC1109_0017_augf91959.wav,PC1109_chiffchaffs_birds
198,cutted_fgx_F91915_0003_aug1611.wav,F91915_chiffchaffs_birds
199,pipit2017fg_train_0712_0028_augpc1108.wav,0712_pipits_birds
200,cutted_day1_PC1109_0494_augpc1107.wav,PC1109_chiffchaffs_birds
201,cutted_day1_PC1109_0624_augpc1101.wav,PC1109_chiffchaffs_birds
202,cutted_day1_PC1113_0154_augpc1104.wav,PC1113_chiffchaffs_birds
203,pipit2017fg_train_0312_0004_augpc1107.wav,0312_pipits_birds
204,cutted_day1_PC1109_0671_augf91973.wav,PC1109_chiffchaffs_birds
205,cutted_day1_PC1109_0638_aug1011.wav,PC1109_chiffchaffs_birds
206,cutted_fgx_F91915_0036_augpc1105.wav,F91915_chiffchaffs_birds
207,pipit2017fg_train_0212_0028_augf91973.wav,0212_pipits_birds
208,cutted_day1_PC1109_0452_aug229.wav,PC1109_chiffchaffs_birds
209,cutted_day1_PC1109_0538_aug94.wav,PC1109_chiffchaffs_birds
210,cutted_day1_PC1113_0032_augpc1109.wav,PC1113_chiffchaffs_birds
211,littleowl2017fg_train_RADK_0025_aug1511.wav,RADK_littleowls_birds
212,cutted_day1_PC1109_0425_augpc1104.wav,PC1109_chiffchaffs_birds
213,cutted_day1_PC1109_0702_augf91913.wav,PC1109_chiffchaffs_birds
214,cutted_day1_PC1113_0124_augf91959.wav,PC1113_chiffchaffs_birds
215,littleowl2017fg_train_MNE_0016_aug229.wav,MNE_littleowls_birds
216,cutted_day1_PC1113_0153_aug1711.wav,PC1113_chiffchaffs_birds
217,cutted_day1_PC1113_0047_augpal.wav,PC1113_chiffchaffs_birds
218,cutted_day1_PC1109_0424_augpc1105.wav,PC1109_chiffchaffs_birds
219,pipit2017fg_train_0312_0012_augf91959.wav,0312_pipits_birds
220,cutted_day1_PC1113_0090_augkme.wav,PC1113_chiffchaffs_birds
221,cutted_day1_PC1113_0039_augpc1112.wav,PC1113_chiffchaffs_birds
222,cutted_day1_PC1109_0294_aug193.wav,PC1109_chiffchaffs_birds
223,littleowl2017fg_train_DUB_0019_augkme.wav,DUB_littleowls_birds
224,cutted_day1_PC1109_0183_aug1711.wav,PC1109_chiffchaffs_birds
225,cutted_day1_PC1109_0229_augkme.wav,PC1109_chiffchaffs_birds
226,cutted_fgx_F91915_0036_augpc1109.wav,F91915_chiffchaffs_birds
227,pipit2017fg_train_0212_0036_augpc1107.wav,0212_pipits_birds
228,cutted_day1_PC1109_0422_augf91915.wav,PC1109_chiffchaffs_birds
229,cutted_day1_PC1109_0669_augf91969.wav,PC1109_chiffchaffs_birds
230,cutted_day1_PC1113_0182_augbre.wav,PC1113_chiffchaffs_birds
231,pipit2017fg_train_0712_0018_augpc1101.wav,0712_pipits_birds
232,cutted_day1_PC1109_0667_augpal.wav,PC1109_chiffchaffs_birds
233,cutted_day1_PC1109_0675_augpc1107.wav,PC1109_chiffchaffs_birds
234,cutted_fgx_F91915_0020_augf91903.wav,F91915_chiffchaffs_birds
235,littleowl2017fg_train_RADK_0002_augf91973.wav,RADK_littleowls_birds
236,cutted_day1_PC1109_0051_augf91916.wav,PC1109_chiffchaffs_birds
237,cutted_day1_PC1109_0270_augpc1113.wav,PC1109_chiffchaffs_birds
238,cutted_day1_PC1113_0077_augf72726.wav,PC1113_chiffchaffs_birds
239,pipit2017fg_train_0712_0006_augpc1101.wav,0712_pipits_birds
240,cutted_day1_PC1109_0423_augradk.wav,PC1109_chiffchaffs_birds
241,cutted_day1_PC1109_0232_augpc1106.wav,PC1109_chiffchaffs_birds
242,cutted_day1_PC1113_0051_aug193.wav,PC1113_chiffchaffs_birds
243,pipit2017fg_train_0712_0016_augf91954.wav,0712_pipits_birds
244,cutted_day1_PC1109_0182_augpc1107.wav,PC1109_chiffchaffs_birds
245,cutted_day1_PC1109_0158_augf91903.wav,PC1109_chiffchaffs_birds
246,cutted_day1_PC1113_0073_augf91907.wav,PC1113_chiffchaffs_birds
247,pipit2017fg_train_0212_0042_aug193.wav,0212_pipits_birds
248,cutted_day1_PC1109_0261_augmne.wav,PC1109_chiffchaffs_birds
249,cutted_day1_PC1109_0142_augkme.wav,PC1109_chiffchaffs_birds
250,cutted_day1_PC1113_0111_augf91973.wav,PC1113_chiffchaffs_birds
251,pipit2017fg_train_0712_0032_aug0212.wav,0712_pipits_birds
252,cutted_day1_PC1109_0335_augf91969.wav,PC1109_chiffchaffs_birds
253,cutted_day1_PC1109_0228_augf91954.wav,PC1109_chiffchaffs_birds
254,cutted_day1_PC1113_0105_augf91916.wav,PC1113_chiffchaffs_birds
255,pipit2017fg_train_0712_0012_augpal.wav,0712_pipits_birds
256,cutted_day1_PC1113_0180_aug0911.wav,PC1113_chiffchaffs_birds
257,cutted_day1_PC1113_0007_auglis.wav,PC1113_chiffchaffs_birds
258,cutted_day1_PC1109_0656_augcer.wav,PC1109_chiffchaffs_birds
259,littleowl2017fg_train_DUB_0017_augf91915.wav,DUB_littleowls_birds
260,cutted_day1_PC1109_0641_augradk.wav,PC1109_chiffchaffs_birds
261,cutted_day1_PC1109_0388_augf91907.wav,PC1109_chiffchaffs_birds
262,cutted_day1_PC1113_0062_aug0312.wav,PC1113_chiffchaffs_birds
263,pipit2017fg_train_0212_0042_aug229.wav,0212_pipits_birds
264,cutted_day1_PC1109_0432_aug1611.wav,PC1109_chiffchaffs_birds
265,cutted_day1_PC1109_0272_augf91913.wav,PC1109_chiffchaffs_birds
266,cutted_day1_PC1113_0033_augpc1104.wav,PC1113_chiffchaffs_birds
267,pipit2017fg_train_0312_0002_aug0811.wav,0312_pipits_birds
268,cutted_day1_PC1113_0182_aug193.wav,PC1113_chiffchaffs_birds
269,cutted_day1_PC1113_0069_augf91959.wav,PC1113_chiffchaffs_birds
270,cutted_day1_PC1109_0441_augpc1113.wav,PC1109_chiffchaffs_birds
271,pipit2017fg_train_0312_0028_augdub.wav,0312_pipits_birds
272,cutted_day1_PC1113_0191_augdub.wav,PC1113_chiffchaffs_birds
273,cutted_day1_PC1113_0185_aug1011.wav,PC1113_chiffchaffs_birds
274,cutted_day1_PC1109_0289_augf91973.wav,PC1109_chiffchaffs_birds
275,littleowl2017fg_train_MNE_0011_aug94.wav,MNE_littleowls_birds
276,cutted_fgx_F91915_0026_augpc1107.wav,F91915_chiffchaffs_birds
277,cutted_fgx_F91915_0002_augpc1113.wav,F91915_chiffchaffs_birds
278,cutted_day1_PC1109_0234_augpc1107.wav,PC1109_chiffchaffs_birds
279,pipit2017fg_train_0712_0039_augpc1104.wav,0712_pipits_birds
280,cutted_day1_PC1113_0002_aug0212.wav,PC1113_chiffchaffs_birds
281,cutted_day1_PC1113_0046_augf72726.wav,PC1113_chiffchaffs_birds
282,cutted_day1_PC1109_0674_aug0811.wav,PC1109_chiffchaffs_birds
283,pipit2017fg_train_0212_0024_augradk.wav,0212_pipits_birds
284,cutted_day1_PC1109_0218_augradk.wav,PC1109_chiffchaffs_birds
285,cutted_day1_PC1109_0533_augpc1111.wav,PC1109_chiffchaffs_birds
286,cutted_day1_PC1113_0162_aug108.wav,PC1113_chiffchaffs_birds
287,pipit2017fg_train_0712_0000_augf72726.wav,0712_pipits_birds
288,cutted_day1_PC1109_0380_augpal.wav,PC1109_chiffchaffs_birds
289,cutted_day1_PC1109_0270_aug193.wav,PC1109_chiffchaffs_birds
290,cutted_day2_PC1113_0018.wav,PC1113_chiffchaffs_birds
291,pipit2017fg_train_0312_0011_auglis.wav,0312_pipits_birds
292,cutted_day1_PC1109_0700_aug1511.wav,PC1109_chiffchaffs_birds
293,cutted_day1_PC1109_0415_aug1711.wav,PC1109_chiffchaffs_birds
294,cutted_day1_PC1113_0071_aug7.wav,PC1113_chiffchaffs_birds
295,littleowl2017fg_train_RADK_0027_aug0212.wav,RADK_littleowls_birds
296,cutted_day1_PC1109_0642_aug1511.wav,PC1109_chiffchaffs_birds
297,cutted_day1_PC1109_0586_augpc1107.wav,PC1109_chiffchaffs_birds
298,cutted_day1_PC1113_0110_augf91903.wav,PC1113_chiffchaffs_birds
299,littleowl2017fg_train_MNE_0012_augf91973.wav,MNE_littleowls_birds
300,cutted_day1_PC1113_0172_augpc1104.wav,PC1113_chiffchaffs_birds
301,cutted_day1_PC1113_0129_aug0811.wav,PC1113_chiffchaffs_birds
302,cutted_day1_PC1109_0267.wav,PC1109_chiffchaffs_birds
303,pipit2017fg_train_0212_0007_augpc1110.wav,0212_pipits_birds
304,cutted_day1_PC1109_0338_augcer.wav,PC1109_chiffchaffs_birds
305,cutted_day1_PC1109_0571_augpc1110.wav,PC1109_chiffchaffs_birds
306,cutted_day1_PC1113_0085_augpc1111.wav,PC1113_chiffchaffs_birds
307,pipit2017fg_train_0312_0023_aug7.wav,0312_pipits_birds
308,cutted_day1_PC1113_0143_augpc1101.wav,PC1113_chiffchaffs_birds
309,cutted_day1_PC1113_0054_augpc1104.wav,PC1113_chiffchaffs_birds
310,cutted_day1_PC1109_0277_augpc1102.wav,PC1109_chiffchaffs_birds
311,littleowl2017fg_train_MNE_0002_augf91913.wav,MNE_littleowls_birds
312,cutted_day1_PC1109_0357_aug94.wav,PC1109_chiffchaffs_birds
313,cutted_day1_PC1109_0502_augpc1106.wav,PC1109_chiffchaffs_birds
314,cutted_day1_PC1113_0104_augkme.wav,PC1113_chiffchaffs_birds
315,pipit2017fg_train_0212_0028_aug108.wav,0212_pipits_birds
316,cutted_day1_PC1109_0229_augpc1105.wav,PC1109_chiffchaffs_birds
317,cutted_day1_PC1109_0347_augpc1106.wav,PC1109_chiffchaffs_birds
318,cutted_day1_PC1113_0058_aug1511.wav,PC1113_chiffchaffs_birds
319,littleowl2017fg_train_MNE_0030_augf91915.wav,MNE_littleowls_birds
320,cutted_day1_PC1109_0359_augpc1105.wav,PC1109_chiffchaffs_birds
321,cutted_day1_PC1109_0050_augdub.wav,PC1109_chiffchaffs_birds
322,cutted_day1_PC1113_0182_augrac.wav,PC1113_chiffchaffs_birds
323,littleowl2017fg_train_RADK_0005_augmne.wav,RADK_littleowls_birds
324,cutted_day1_PC1109_0070_augkme.wav,PC1109_chiffchaffs_birds
325,cutted_day1_PC1109_0205_augdub.wav,PC1109_chiffchaffs_birds
326,cutted_day1_PC1113_0098_augradk.wav,PC1113_chiffchaffs_birds
327,littleowl2017fg_train_RADK_0015_augmne.wav,RADK_littleowls_birds
328,cutted_day1_PC1109_0214_augf91907.wav,PC1109_chiffchaffs_birds
329,cutted_day1_PC1109_0312_aug108.wav,PC1109_chiffchaffs_birds
330,cutted_day1_PC1113_0106_aug1211.wav,PC1113_chiffchaffs_birds
331,littleowl2017fg_train_RADK_0001_aug1511.wav,RADK_littleowls_birds
332,cutted_day1_PC1109_0448_aug0212.wav,PC1109_chiffchaffs_birds
333,cutted_day1_PC1109_0007_augradbf.wav,PC1109_chiffchaffs_birds
334,cutted_day1_PC1113_0126_augpc1102.wav,PC1113_chiffchaffs_birds
335,pipit2017fg_train_0212_0041_aug0811.wav,0212_pipits_birds
336,cutted_day1_PC1113_0081_augpc1104.wav,PC1113_chiffchaffs_birds
337,cutted_day1_PC1113_0045_aug193.wav,PC1113_chiffchaffs_birds
338,cutted_day1_PC1109_0156_augf72726.wav,PC1109_chiffchaffs_birds
339,littleowl2017fg_train_MNE_0008_augpc1111.wav,MNE_littleowls_birds
340,cutted_day1_PC1113_0037_aug1511.wav,PC1113_chiffchaffs_birds
341,cutted_day1_PC1113_0016_augbre.wav,PC1113_chiffchaffs_birds
342,cutted_day1_PC1109_0220_augf91954.wav,PC1109_chiffchaffs_birds
343,littleowl2017fg_train_MNE_0013_augf91973.wav,MNE_littleowls_birds
344,cutted_day1_PC1109_0166_augkme.wav,PC1109_chiffchaffs_birds
345,cutted_day1_PC1109_0639_augf91959.wav,PC1109_chiffchaffs_birds
346,cutted_fgx_F91915_0006_augf91903.wav,F91915_chiffchaffs_birds
347,pipit2017fg_train_0712_0033_augf91973.wav,0712_pipits_birds
348,cutted_day1_PC1109_0643_augf91915.wav,PC1109_chiffchaffs_birds
349,cutted_day1_PC1109_0412_augcer.wav,PC1109_chiffchaffs_birds
350,cutted_day1_PC1113_0113_augf91907.wav,PC1113_chiffchaffs_birds
351,pipit2017fg_train_0212_0041.wav,0212_pipits_birds
352,cutted_fgy_F91915_0005.wav,F91915_chiffchaffs_birds
353,cutted_fgx_F91915_0031_aug1211.wav,F91915_chiffchaffs_birds
354,cutted_day1_PC1109_0754_augdub.wav,PC1109_chiffchaffs_birds
355,littleowl2017fg_train_MNE_0031_aug0212.wav,MNE_littleowls_birds
356,cutted_day1_PC1113_0085_aug0712.wav,PC1113_chiffchaffs_birds
357,cutted_day1_PC1113_0093_augpal.wav,PC1113_chiffchaffs_birds
358,cutted_day1_PC1109_0703_augf91915.wav,PC1109_chiffchaffs_birds
359,pipit2017fg_train_0212_0019_augradk.wav,0212_pipits_birds
360,cutted_day1_PC1113_0109_augf91915.wav,PC1113_chiffchaffs_birds
361,cutted_day1_PC1113_0158_aug193.wav,PC1113_chiffchaffs_birds
362,cutted_day1_PC1109_0669_augf91913.wav,PC1109_chiffchaffs_birds
363,littleowl2017fg_train_MNE_0009_augf91913.wav,MNE_littleowls_birds
364,cutted_day1_PC1109_0456_augpc1101.wav,PC1109_chiffchaffs_birds
365,cutted_day1_PC1109_0215_augf91913.wav,PC1109_chiffchaffs_birds
366,cutted_day1_PC1113_0070_augpc1108.wav,PC1113_chiffchaffs_birds
367,pipit2017fg_train_0712_0002_augrac.wav,0712_pipits_birds
368,cutted_day1_PC1109_0228_augf91907.wav,PC1109_chiffchaffs_birds
369,cutted_day1_PC1109_0728_augvev.wav,PC1109_chiffchaffs_birds
370,cutted_day1_PC1113_0173_augf91959.wav,PC1113_chiffchaffs_birds
371,littleowl2017fg_train_MNE_0033_augradk.wav,MNE_littleowls_birds
372,cutted_day1_PC1109_0009_augf91954.wav,PC1109_chiffchaffs_birds
373,cutted_day1_PC1109_0674_augf91907.wav,PC1109_chiffchaffs_birds
374,cutted_day1_PC1113_0041_augcer.wav,PC1113_chiffchaffs_birds
375,littleowl2017fg_train_MNE_0024_augf91959.wav,MNE_littleowls_birds
376,cutted_day1_PC1113_0122_augrac.wav,PC1113_chiffchaffs_birds
377,cutted_day1_PC1113_0153_augf91913.wav,PC1113_chiffchaffs_birds
378,cutted_day1_PC1109_0058_augpc1108.wav,PC1109_chiffchaffs_birds
379,pipit2017fg_train_0712_0013_aug0312.wav,0712_pipits_birds
380,cutted_day1_PC1109_0063_aug0312.wav,PC1109_chiffchaffs_birds
381,cutted_day1_PC1109_0547_augf91913.wav,PC1109_chiffchaffs_birds
382,cutted_day1_PC1113_0031_augf91903.wav,PC1113_chiffchaffs_birds
383,pipit2017fg_train_0712_0014_augpc1105.wav,0712_pipits_birds
384,cutted_day1_PC1109_0485_augpc1110.wav,PC1109_chiffchaffs_birds
385,cutted_day1_PC1109_0435_augpc1110.wav,PC1109_chiffchaffs_birds
386,cutted_day1_PC1113_0056_augf91954.wav,PC1113_chiffchaffs_birds
387,littleowl2017fg_train_RADK_0021_augf91954.wav,RADK_littleowls_birds
388,cutted_day1_PC1109_0313_aug0811.wav,PC1109_chiffchaffs_birds
389,cutted_day1_PC1109_0246_augf91954.wav,PC1109_chiffchaffs_birds
390,cutted_day1_PC1113_0108_augpc1106.wav,PC1113_chiffchaffs_birds
391,pipit2017fg_train_0312_0004_augf91954.wav,0312_pipits_birds
392,cutted_day1_PC1109_0578_augf91973.wav,PC1109_chiffchaffs_birds
393,cutted_day1_PC1109_0155_augpc1108.wav,PC1109_chiffchaffs_birds
394,cutted_day1_PC1113_0059_augf91916.wav,PC1113_chiffchaffs_birds
395,pipit2017fg_train_0312_0013_aug193.wav,0312_pipits_birds
396,cutted_day1_PC1109_0690_augpc1107.wav,PC1109_chiffchaffs_birds
397,cutted_day1_PC1109_0433.wav,PC1109_chiffchaffs_birds
398,cutted_day1_PC1113_0135_augkme.wav,PC1113_chiffchaffs_birds
399,littleowl2017fg_train_MNE_0022_aug193.wav,MNE_littleowls_birds
400,littleowl2017fg_train_MNE_0014_aug0312.wav,MNE_littleowls_birds
401,littleowl2017fg_train_MNE_0033_aug193.wav,MNE_littleowls_birds
402,littleowl2017fg_train_RADK_0014_augbre.wav,RADK_littleowls_birds
403,cutted_day1_PC1109_0211_aug94.wav,PC1109_chiffchaffs_birds
404,littleowl2017fg_train_MNE_0032_aug0312.wav,MNE_littleowls_birds
405,littleowl2017fg_train_MNE_0010_augpc1110.wav,MNE_littleowls_birds
406,littleowl2017fg_train_DUB_0024_augvev.wav,DUB_littleowls_birds
407,cutted_day1_PC1109_0608_augf91915.wav,PC1109_chiffchaffs_birds
408,littleowl2017fg_train_DUB_0011_augf91907.wav,DUB_littleowls_birds
409,littleowl2017fg_train_DUB_0024_aug0811.wav,DUB_littleowls_birds
410,littleowl2017fg_train_RADK_0017_aug0712.wav,RADK_littleowls_birds
411,cutted_day1_PC1109_0163_aug0811.wav,PC1109_chiffchaffs_birds
412,littleowl2017fg_train_DUB_0017_augf91954.wav,DUB_littleowls_birds
413,littleowl2017fg_train_DUB_0013_augpal.wav,DUB_littleowls_birds
414,littleowl2017fg_train_MNE_0023_augpc1102.wav,MNE_littleowls_birds
415,cutted_day1_PC1109_0129_augpc1103.wav,PC1109_chiffchaffs_birds
416,littleowl2017fg_train_RADK_0024_augkme.wav,RADK_littleowls_birds
417,littleowl2017fg_train_RADK_0019_augf91907.wav,RADK_littleowls_birds
418,littleowl2017fg_train_DUB_0012_augf91954.wav,DUB_littleowls_birds
419,cutted_day1_PC1109_0630_augpc1113.wav,PC1109_chiffchaffs_birds
420,littleowl2017fg_train_DUB_0018_aug0712.wav,DUB_littleowls_birds
421,littleowl2017fg_train_DUB_0006_aug108.wav,DUB_littleowls_birds
422,littleowl2017fg_train_RADK_0014_aug1611.wav,RADK_littleowls_birds
423,cutted_fgx_F91915_0034_augpc1109.wav,F91915_chiffchaffs_birds
424,littleowl2017fg_train_MNE_0006_augpc1104.wav,MNE_littleowls_birds
425,littleowl2017fg_train_MNE_0030_aug1211.wav,MNE_littleowls_birds
426,littleowl2017fg_train_RADK_0012_augf91973.wav,RADK_littleowls_birds
427,cutted_day1_PC1109_0498_augpc1105.wav,PC1109_chiffchaffs_birds
428,littleowl2017fg_train_DUB_0022_aug94.wav,DUB_littleowls_birds
429,littleowl2017fg_train_DUB_0028_aug0811.wav,DUB_littleowls_birds
430,littleowl2017fg_train_MNE_0024_augpc1108.wav,MNE_littleowls_birds
431,cutted_day1_PC1109_0618_aug229.wav,PC1109_chiffchaffs_birds
432,littleowl2017fg_train_MNE_0000_augf91915.wav,MNE_littleowls_birds
433,littleowl2017fg_train_MNE_0017_augf72726.wav,MNE_littleowls_birds
434,littleowl2017fg_train_RADK_0011_aug229.wav,RADK_littleowls_birds
435,cutted_day1_PC1109_0050_augf91903.wav,PC1109_chiffchaffs_birds
436,littleowl2017fg_train_RADK_0015_augpc1113.wav,RADK_littleowls_birds
437,littleowl2017fg_train_RADK_0029_augpc1112.wav,RADK_littleowls_birds
438,littleowl2017fg_train_MNE_0020_augradk.wav,MNE_littleowls_birds
439,cutted_day1_PC1109_0093_augpc1102.wav,PC1109_chiffchaffs_birds
440,littleowl2017fg_train_MNE_0010_augf91959.wav,MNE_littleowls_birds
441,littleowl2017fg_train_MNE_0021_augpc1111.wav,MNE_littleowls_birds
442,littleowl2017fg_train_RADK_0017_augf91913.wav,RADK_littleowls_birds
443,cutted_day1_PC1109_0592_augkme.wav,PC1109_chiffchaffs_birds
444,littleowl2017fg_train_DUB_0006_augpc1111.wav,DUB_littleowls_birds
445,littleowl2017fg_train_DUB_0016_augpc1106.wav,DUB_littleowls_birds
446,littleowl2017fg_train_RADK_0008_aug1511.wav,RADK_littleowls_birds
447,cutted_day1_PC1109_0548_augf91913.wav,PC1109_chiffchaffs_birds
448,littleowl2017fg_train_RADK_0002_augpc1108.wav,RADK_littleowls_birds
449,littleowl2017fg_train_RADK_0009_augpc1107.wav,RADK_littleowls_birds
450,littleowl2017fg_train_MNE_0026_auglis.wav,MNE_littleowls_birds
451,cutted_day1_PC1109_0319_augf91916.wav,PC1109_chiffchaffs_birds
452,littleowl2017fg_train_RADK_0015_augf91907.wav,RADK_littleowls_birds
453,littleowl2017fg_train_RADK_0005_augpc1111.wav,RADK_littleowls_birds
454,littleowl2017fg_train_MNE_0015_augradbf.wav,MNE_littleowls_birds
455,cutted_day1_PC1109_0345_aug0911.wav,PC1109_chiffchaffs_birds
456,littleowl2017fg_test_RADK_0011.wav,RADK_littleowls_birds
457,littleowl2017fg_train_RADK_0008_augf91954.wav,RADK_littleowls_birds
458,littleowl2017fg_train_DUB_0019_aug0312.wav,DUB_littleowls_birds
459,cutted_day1_PC1109_0700_aug1711.wav,PC1109_chiffchaffs_birds
460,littleowl2017fg_train_DUB_0023_augpc1104.wav,DUB_littleowls_birds
461,littleowl2017fg_train_DUB_0024_augpc1106.wav,DUB_littleowls_birds
462,littleowl2017fg_train_RADK_0012_augpc1108.wav,RADK_littleowls_birds
463,cutted_day1_PC1109_0648_aug1011.wav,PC1109_chiffchaffs_birds
464,littleowl2017fg_train_RADK_0017_aug0811.wav,RADK_littleowls_birds
465,littleowl2017fg_train_RADK_0007_aug0312.wav,RADK_littleowls_birds
466,littleowl2017fg_train_MNE_0000.wav,MNE_littleowls_birds
467,cutted_day1_PC1109_0363_augf91916.wav,PC1109_chiffchaffs_birds
468,littleowl2017fg_train_MNE_0023_augpc1109.wav,MNE_littleowls_birds
469,littleowl2017fg_train_MNE_0033_augf91969.wav,MNE_littleowls_birds
470,littleowl2017fg_train_RADK_0005_augpc1107.wav,RADK_littleowls_birds
471,cutted_day1_PC1109_0522_aug0212.wav,PC1109_chiffchaffs_birds
472,littleowl2017fg_train_MNE_0024_augbre.wav,MNE_littleowls_birds
473,littleowl2017fg_train_MNE_0033_augpc1101.wav,MNE_littleowls_birds
474,littleowl2017fg_train_DUB_0027_augrac.wav,DUB_littleowls_birds
475,cutted_day1_PC1109_0552_augvev.wav,PC1109_chiffchaffs_birds
476,littleowl2017fg_train_MNE_0029_augradk.wav,MNE_littleowls_birds
477,littleowl2017fg_train_MNE_0011.wav,MNE_littleowls_birds
478,littleowl2017fg_train_RADK_0003_aug7.wav,RADK_littleowls_birds
479,cutted_day1_PC1113_0042_aug0212.wav,PC1113_chiffchaffs_birds
480,littleowl2017fg_train_MNE_0011_augradbf.wav,MNE_littleowls_birds
481,littleowl2017fg_train_MNE_0022_augf91907.wav,MNE_littleowls_birds
482,littleowl2017fg_train_RADK_0029_augpal.wav,RADK_littleowls_birds
483,cutted_day1_PC1109_0394_augmne.wav,PC1109_chiffchaffs_birds
484,littleowl2017fg_train_RADK_0029_augf91916.wav,RADK_littleowls_birds
485,littleowl2017fg_train_RADK_0031_augpc1104.wav,RADK_littleowls_birds
486,littleowl2017fg_train_MNE_0014_aug0911.wav,MNE_littleowls_birds
487,cutted_day1_PC1109_0676_augf91903.wav,PC1109_chiffchaffs_birds
488,littleowl2017fg_train_MNE_0033_aug0312.wav,MNE_littleowls_birds
489,littleowl2017fg_train_MNE_0030_augpc1105.wav,MNE_littleowls_birds
490,littleowl2017fg_train_DUB_0023_aug0712.wav,DUB_littleowls_birds
491,cutted_fgx_F91915_0002_augpc1104.wav,F91915_chiffchaffs_birds
492,littleowl2017fg_train_MNE_0012_aug1511.wav,MNE_littleowls_birds
493,littleowl2017fg_train_MNE_0012_augbre.wav,MNE_littleowls_birds
494,littleowl2017fg_train_DUB_0005_augvev.wav,DUB_littleowls_birds
495,cutted_day1_PC1109_0196_aug0911.wav,PC1109_chiffchaffs_birds
496,littleowl2017fg_train_DUB_0009_augkme.wav,DUB_littleowls_birds
497,littleowl2017fg_train_DUB_0007_augpc1109.wav,DUB_littleowls_birds
498,littleowl2017fg_train_RADK_0012_aug7.wav,RADK_littleowls_birds
499,cutted_day1_PC1109_0077_augf91959.wav,PC1109_chiffchaffs_birds
500,littleowl2017fg_train_DUB_0013_augf91969.wav,DUB_littleowls_birds
501,littleowl2017fg_test_DUB_0023.wav,DUB_littleowls_birds
502,littleowl2017fg_train_MNE_0014_augpc1109.wav,MNE_littleowls_birds
503,cutted_day1_PC1109_0162.wav,PC1109_chiffchaffs_birds
504,littleowl2017fg_train_MNE_0023_aug0712.wav,MNE_littleowls_birds
505,littleowl2017fg_train_MNE_0006_augkme.wav,MNE_littleowls_birds
506,littleowl2017fg_train_RADK_0009_augf91916.wav,RADK_littleowls_birds
507,cutted_day1_PC1109_0111_aug94.wav,PC1109_chiffchaffs_birds
508,littleowl2017fg_train_DUB_0006_aug1011.wav,DUB_littleowls_birds
509,littleowl2017fg_train_DUB_0000_aug108.wav,DUB_littleowls_birds
510,littleowl2017fg_train_MNE_0006_aug7.wav,MNE_littleowls_birds
511,cutted_day1_PC1113_0123_augvev.wav,PC1113_chiffchaffs_birds
512,littleowl2017fg_train_MNE_0022_aug108.wav,MNE_littleowls_birds
513,littleowl2017fg_train_MNE_0010_aug0911.wav,MNE_littleowls_birds
514,littleowl2017fg_train_DUB_0022_aug108.wav,DUB_littleowls_birds
515,cutted_day1_PC1109_0546_augpc1105.wav,PC1109_chiffchaffs_birds
516,littleowl2017fg_train_MNE_0026_aug1211.wav,MNE_littleowls_birds
517,littleowl2017fg_train_MNE_0026_augf91915.wav,MNE_littleowls_birds
518,littleowl2017fg_train_DUB_0022_aug0811.wav,DUB_littleowls_birds
519,cutted_day1_PC1109_0101_augf91969.wav,PC1109_chiffchaffs_birds
520,littleowl2017fg_train_RADK_0014_augf91954.wav,RADK_littleowls_birds
521,littleowl2017fg_train_RADK_0013_augcer.wav,RADK_littleowls_birds
522,littleowl2017fg_train_DUB_0019_augmne.wav,DUB_littleowls_birds
523,cutted_fgx_F91915_0016_augpc1104.wav,F91915_chiffchaffs_birds
524,littleowl2017fg_train_RADK_0027_aug1211.wav,RADK_littleowls_birds
525,littleowl2017fg_train_RADK_0021_augf91913.wav,RADK_littleowls_birds
526,littleowl2017fg_train_MNE_0002_augpc1108.wav,MNE_littleowls_birds
527,cutted_day1_PC1109_0551_augf91973.wav,PC1109_chiffchaffs_birds
528,littleowl2017fg_train_MNE_0011_augdub.wav,MNE_littleowls_birds
529,littleowl2017fg_train_MNE_0020_augpc1108.wav,MNE_littleowls_birds
530,littleowl2017fg_train_RADK_0015_augpc1105.wav,RADK_littleowls_birds
531,cutted_day1_PC1109_0390_augcer.wav,PC1109_chiffchaffs_birds
532,littleowl2017fg_train_DUB_0021_augpc1110.wav,DUB_littleowls_birds
533,littleowl2017fg_train_DUB_0002_aug108.wav,DUB_littleowls_birds
534,littleowl2017fg_train_RADK_0012_augcer.wav,RADK_littleowls_birds
535,cutted_day1_PC1113_0099_augf91973.wav,PC1113_chiffchaffs_birds
536,littleowl2017fg_train_DUB_0011_augradbf.wav,DUB_littleowls_birds
537,littleowl2017fg_train_DUB_0023_augradbf.wav,DUB_littleowls_birds
538,littleowl2017fg_train_RADK_0027_aug94.wav,RADK_littleowls_birds
539,cutted_day1_PC1109_0695_augcer.wav,PC1109_chiffchaffs_birds
540,littleowl2017fg_train_DUB_0017_aug7.wav,DUB_littleowls_birds
541,littleowl2017fg_train_DUB_0002_aug94.wav,DUB_littleowls_birds
542,littleowl2017fg_train_RADK_0007_augf91969.wav,RADK_littleowls_birds
543,cutted_day1_PC1109_0093_aug1211.wav,PC1109_chiffchaffs_birds
544,littleowl2017fg_train_RADK_0016_aug193.wav,RADK_littleowls_birds
545,littleowl2017fg_train_RADK_0006_augpc1102.wav,RADK_littleowls_birds
546,littleowl2017fg_train_DUB_0017.wav,DUB_littleowls_birds
547,cutted_day1_PC1109_0687_augrac.wav,PC1109_chiffchaffs_birds
548,littleowl2017fg_train_MNE_0031_aug229.wav,MNE_littleowls_birds
549,littleowl2017fg_train_MNE_0010_aug1011.wav,MNE_littleowls_birds
550,littleowl2017fg_train_DUB_0001_augf91959.wav,DUB_littleowls_birds
551,pipit2017fg_train_0212_0023_augkme.wav,0212_pipits_birds
552,littleowl2017fg_train_DUB_0029_augradk.wav,DUB_littleowls_birds
553,littleowl2017fg_train_DUB_0029_augpc1109.wav,DUB_littleowls_birds
554,littleowl2017fg_train_RADK_0022.wav,RADK_littleowls_birds
555,cutted_day1_PC1113_0024_augvev.wav,PC1113_chiffchaffs_birds
556,littleowl2017fg_train_MNE_0023_augf91903.wav,MNE_littleowls_birds
557,littleowl2017fg_train_MNE_0025_augf91913.wav,MNE_littleowls_birds
558,littleowl2017fg_train_RADK_0004_augradbf.wav,RADK_littleowls_birds
559,cutted_day1_PC1109_0334_augf91973.wav,PC1109_chiffchaffs_birds
560,littleowl2017fg_train_DUB_0008_augpc1107.wav,DUB_littleowls_birds
561,littleowl2017fg_train_DUB_0021_augf91915.wav,DUB_littleowls_birds
562,littleowl2017fg_train_RADK_0031_augpc1103.wav,RADK_littleowls_birds
563,cutted_day1_PC1109_0613_augf91973.wav,PC1109_chiffchaffs_birds
564,littleowl2017fg_train_RADK_0010_augpc1113.wav,RADK_littleowls_birds
565,littleowl2017fg_train_RADK_0002_augf91907.wav,RADK_littleowls_birds
566,littleowl2017fg_train_DUB_0025_aug108.wav,DUB_littleowls_birds
567,cutted_day1_PC1113_0056_augpc1104.wav,PC1113_chiffchaffs_birds
568,littleowl2017fg_train_MNE_0030_aug0312.wav,MNE_littleowls_birds
569,littleowl2017fg_train_MNE_0029_augvev.wav,MNE_littleowls_birds
570,littleowl2017fg_train_RADK_0003_augpc1108.wav,RADK_littleowls_birds
571,cutted_day1_PC1109_0160_augpc1112.wav,PC1109_chiffchaffs_birds
572,littleowl2017fg_train_RADK_0028_aug108.wav,RADK_littleowls_birds
573,littleowl2017fg_train_RADK_0014_augpc1110.wav,RADK_littleowls_birds
574,littleowl2017fg_train_DUB_0020_augf91907.wav,DUB_littleowls_birds
575,cutted_day1_PC1109_0121_augbre.wav,PC1109_chiffchaffs_birds
576,littleowl2017fg_test_DUB_0005.wav,DUB_littleowls_birds
577,littleowl2017fg_train_DUB_0025_augpc1101.wav,DUB_littleowls_birds
578,littleowl2017fg_train_MNE_0006_augf91907.wav,MNE_littleowls_birds
579,cutted_day1_PC1109_0282_aug1011.wav,PC1109_chiffchaffs_birds
580,littleowl2017fg_train_MNE_0009_augcer.wav,MNE_littleowls_birds
581,littleowl2017fg_train_MNE_0004_augpc1109.wav,MNE_littleowls_birds
582,littleowl2017fg_train_DUB_0019_aug0212.wav,DUB_littleowls_birds
583,cutted_fgx_F91915_0004_aug1511.wav,F91915_chiffchaffs_birds
584,littleowl2017fg_train_RADK_0007_augpc1113.wav,RADK_littleowls_birds
585,littleowl2017fg_train_RADK_0030_aug0712.wav,RADK_littleowls_birds
586,littleowl2017fg_train_DUB_0010_augpc1108.wav,DUB_littleowls_birds
587,cutted_day1_PC1109_0031_augpc1110.wav,PC1109_chiffchaffs_birds
588,littleowl2017fg_train_RADK_0007_augmne.wav,RADK_littleowls_birds
589,littleowl2017fg_train_RADK_0017_augf91969.wav,RADK_littleowls_birds
590,littleowl2017fg_train_DUB_0015_aug108.wav,DUB_littleowls_birds
591,cutted_day1_PC1109_0384_aug193.wav,PC1109_chiffchaffs_birds
592,littleowl2017fg_train_MNE_0021_augpc1110.wav,MNE_littleowls_birds
593,littleowl2017fg_train_MNE_0001.wav,MNE_littleowls_birds
594,littleowl2017fg_train_DUB_0001_augpc1109.wav,DUB_littleowls_birds
595,cutted_day1_PC1109_0681_augf91907.wav,PC1109_chiffchaffs_birds
596,littleowl2017fg_train_RADK_0020_augpc1105.wav,RADK_littleowls_birds
597,littleowl2017fg_train_RADK_0017_auglis.wav,RADK_littleowls_birds
598,littleowl2017fg_train_MNE_0023_augf72726.wav,MNE_littleowls_birds
599,pipit2017fg_train_0312_0025_augkme.wav,0312_pipits_birds
600,littleowl2017fg_train_MNE_0008_augpc1108.wav,MNE_littleowls_birds
601,littleowl2017fg_train_MNE_0014_augkme.wav,MNE_littleowls_birds
602,littleowl2017fg_train_DUB_0020_aug1611.wav,DUB_littleowls_birds
603,cutted_day1_PC1109_0437_aug94.wav,PC1109_chiffchaffs_birds
604,littleowl2017fg_train_MNE_0029_augpc1109.wav,MNE_littleowls_birds
605,littleowl2017fg_train_MNE_0028_aug1711.wav,MNE_littleowls_birds
606,littleowl2017fg_train_RADK_0002_augrac.wav,RADK_littleowls_birds
607,cutted_day1_PC1109_0226_augcer.wav,PC1109_chiffchaffs_birds
608,littleowl2017fg_train_RADK_0010_aug7.wav,RADK_littleowls_birds
609,littleowl2017fg_train_RADK_0027_augpc1108.wav,RADK_littleowls_birds
610,littleowl2017fg_train_MNE_0015_augkme.wav,MNE_littleowls_birds
611,cutted_day1_PC1113_0163_augf91903.wav,PC1113_chiffchaffs_birds
612,littleowl2017fg_train_MNE_0003_aug108.wav,MNE_littleowls_birds
613,littleowl2017fg_train_MNE_0021_augf91916.wav,MNE_littleowls_birds
614,littleowl2017fg_train_DUB_0026_augradk.wav,DUB_littleowls_birds
615,cutted_day1_PC1109_0143_augpc1102.wav,PC1109_chiffchaffs_birds
616,littleowl2017fg_train_MNE_0016_augradk.wav,MNE_littleowls_birds
617,littleowl2017fg_train_MNE_0005_augbre.wav,MNE_littleowls_birds
618,littleowl2017fg_train_DUB_0000_aug229.wav,DUB_littleowls_birds
619,cutted_day1_PC1109_0657_augpc1102.wav,PC1109_chiffchaffs_birds
620,littleowl2017fg_train_RADK_0020_augpc1109.wav,RADK_littleowls_birds
621,littleowl2017fg_train_RADK_0019_augpc1110.wav,RADK_littleowls_birds
622,littleowl2017fg_train_MNE_0022_augcer.wav,MNE_littleowls_birds
623,cutted_day1_PC1113_0001_aug7.wav,PC1113_chiffchaffs_birds
624,littleowl2017fg_train_DUB_0014_augpc1108.wav,DUB_littleowls_birds
625,littleowl2017fg_train_DUB_0008_aug1711.wav,DUB_littleowls_birds
626,littleowl2017fg_train_MNE_0012_aug0212.wav,MNE_littleowls_birds
627,cutted_day1_PC1109_0522_aug0712.wav,PC1109_chiffchaffs_birds
628,littleowl2017fg_train_MNE_0029_augf72726.wav,MNE_littleowls_birds
629,littleowl2017fg_train_MNE_0015_augf91959.wav,MNE_littleowls_birds
630,littleowl2017fg_train_DUB_0014_aug0312.wav,DUB_littleowls_birds
631,cutted_day1_PC1109_0051_aug1211.wav,PC1109_chiffchaffs_birds
632,littleowl2017fg_train_DUB_0000_augvev.wav,DUB_littleowls_birds
633,littleowl2017fg_train_DUB_0021_aug1511.wav,DUB_littleowls_birds
634,littleowl2017fg_train_MNE_0023_aug1711.wav,MNE_littleowls_birds
635,cutted_day1_PC1109_0342_augkme.wav,PC1109_chiffchaffs_birds
636,littleowl2017fg_test_DUB_0022.wav,DUB_littleowls_birds
637,littleowl2017fg_train_DUB_0024_augradbf.wav,DUB_littleowls_birds
638,littleowl2017fg_train_RADK_0011_aug1511.wav,RADK_littleowls_birds
639,cutted_day1_PC1109_0093_augpc1112.wav,PC1109_chiffchaffs_birds
640,littleowl2017fg_train_MNE_0032_augpc1113.wav,MNE_littleowls_birds
641,littleowl2017fg_train_MNE_0016_aug0911.wav,MNE_littleowls_birds
642,littleowl2017fg_train_DUB_0009_augpc1106.wav,DUB_littleowls_birds
643,cutted_day1_PC1109_0493_aug1211.wav,PC1109_chiffchaffs_birds
644,littleowl2017fg_train_MNE_0029_augpc1101.wav,MNE_littleowls_birds
645,littleowl2017fg_train_MNE_0020_augf72726.wav,MNE_littleowls_birds
646,littleowl2017fg_train_DUB_0011_aug1511.wav,DUB_littleowls_birds
647,cutted_day1_PC1113_0177_augpc1109.wav,PC1113_chiffchaffs_birds
648,littleowl2017fg_train_MNE_0031_augpc1113.wav,MNE_littleowls_birds
649,littleowl2017fg_train_MNE_0020_aug0212.wav,MNE_littleowls_birds
650,littleowl2017fg_train_RADK_0001_aug1711.wav,RADK_littleowls_birds
651,pipit2017fg_train_0212_0002_augf91916.wav,0212_pipits_birds
652,littleowl2017fg_train_MNE_0027_aug1611.wav,MNE_littleowls_birds
653,littleowl2017fg_train_MNE_0024_augradk.wav,MNE_littleowls_birds
654,littleowl2017fg_train_DUB_0022.wav,DUB_littleowls_birds
655,cutted_day1_PC1109_0322_aug1011.wav,PC1109_chiffchaffs_birds
656,littleowl2017fg_train_RADK_0029_augradbf.wav,RADK_littleowls_birds
657,littleowl2017fg_train_RADK_0010_aug0212.wav,RADK_littleowls_birds
658,littleowl2017fg_test_MNE_0018.wav,MNE_littleowls_birds
659,cutted_day1_PC1109_0437_augvev.wav,PC1109_chiffchaffs_birds
660,littleowl2017fg_train_RADK_0023_augpc1107.wav,RADK_littleowls_birds
661,littleowl2017fg_train_RADK_0026_augf91969.wav,RADK_littleowls_birds
662,littleowl2017fg_train_MNE_0026_aug1011.wav,MNE_littleowls_birds
663,cutted_day1_PC1109_0410_augpc1110.wav,PC1109_chiffchaffs_birds
664,littleowl2017fg_train_DUB_0003_aug1511.wav,DUB_littleowls_birds
665,littleowl2017fg_train_DUB_0028_augbre.wav,DUB_littleowls_birds
666,littleowl2017fg_train_MNE_0029_aug1011.wav,MNE_littleowls_birds
667,cutted_day1_PC1109_0598_augpc1108.wav,PC1109_chiffchaffs_birds
668,littleowl2017fg_train_RADK_0030_aug108.wav,RADK_littleowls_birds
669,littleowl2017fg_train_RADK_0027_augf91973.wav,RADK_littleowls_birds
670,littleowl2017fg_train_MNE_0002_augpc1103.wav,MNE_littleowls_birds
671,pipit2017fg_train_0312_0016_aug108.wav,0312_pipits_birds
672,littleowl2017fg_train_MNE_0007_augpal.wav,MNE_littleowls_birds
673,littleowl2017fg_train_MNE_0026_aug1511.wav,MNE_littleowls_birds
674,littleowl2017fg_train_DUB_0023_augf91913.wav,DUB_littleowls_birds
675,cutted_day1_PC1109_0278_aug0212.wav,PC1109_chiffchaffs_birds
676,littleowl2017fg_train_RADK_0014_augpc1105.wav,RADK_littleowls_birds
677,littleowl2017fg_train_RADK_0019_aug94.wav,RADK_littleowls_birds
678,littleowl2017fg_train_MNE_0002_aug0811.wav,MNE_littleowls_birds
679,cutted_day1_PC1109_0535_aug0811.wav,PC1109_chiffchaffs_birds
680,littleowl2017fg_train_DUB_0000_aug1711.wav,DUB_littleowls_birds
681,littleowl2017fg_train_DUB_0003_aug108.wav,DUB_littleowls_birds
682,littleowl2017fg_train_RADK_0015_augf91959.wav,RADK_littleowls_birds
683,cutted_day1_PC1109_0406_aug1011.wav,PC1109_chiffchaffs_birds
684,littleowl2017fg_train_MNE_0023_augf91959.wav,MNE_littleowls_birds
685,littleowl2017fg_train_MNE_0014.wav,MNE_littleowls_birds
686,littleowl2017fg_train_DUB_0010_auglis.wav,DUB_littleowls_birds
687,cutted_day1_PC1113_0072_augvev.wav,PC1113_chiffchaffs_birds
688,littleowl2017fg_train_DUB_0000_augf91913.wav,DUB_littleowls_birds
689,littleowl2017fg_train_DUB_0005_augbre.wav,DUB_littleowls_birds
690,littleowl2017fg_train_RADK_0027_augf91913.wav,RADK_littleowls_birds
691,cutted_day1_PC1109_0318_augpc1108.wav,PC1109_chiffchaffs_birds
692,littleowl2017fg_train_RADK_0030_augpc1105.wav,RADK_littleowls_birds
693,littleowl2017fg_train_RADK_0005_augpc1106.wav,RADK_littleowls_birds
694,littleowl2017fg_train_DUB_0014_augpc1113.wav,DUB_littleowls_birds
695,cutted_day1_PC1113_0094_aug7.wav,PC1113_chiffchaffs_birds
696,littleowl2017fg_train_DUB_0018_aug1611.wav,DUB_littleowls_birds
697,littleowl2017fg_train_DUB_0009_augf91903.wav,DUB_littleowls_birds
698,littleowl2017fg_train_RADK_0007_augvev.wav,RADK_littleowls_birds
699,cutted_day1_PC1113_0156_aug0911.wav,PC1113_chiffchaffs_birds
700,littleowl2017fg_train_RADK_0006_augf91959.wav,RADK_littleowls_birds
701,littleowl2017fg_train_RADK_0009_aug0212.wav,RADK_littleowls_birds
702,littleowl2017fg_train_DUB_0002_augf91903.wav,DUB_littleowls_birds
703,cutted_day1_PC1113_0049_aug1711.wav,PC1113_chiffchaffs_birds
704,littleowl2017fg_train_RADK_0019_aug7.wav,RADK_littleowls_birds
705,littleowl2017fg_train_RADK_0009_augpc1111.wav,RADK_littleowls_birds
706,littleowl2017fg_train_MNE_0005_augvev.wav,MNE_littleowls_birds
707,cutted_day1_PC1109_0350_augpal.wav,PC1109_chiffchaffs_birds
708,littleowl2017fg_train_RADK_0013_aug1711.wav,RADK_littleowls_birds
709,littleowl2017fg_train_RADK_0029_aug1511.wav,RADK_littleowls_birds
710,littleowl2017fg_train_MNE_0031_aug1011.wav,MNE_littleowls_birds
711,cutted_day1_PC1109_0743_aug0911.wav,PC1109_chiffchaffs_birds
712,littleowl2017fg_train_RADK_0022_aug0212.wav,RADK_littleowls_birds
713,littleowl2017fg_train_RADK_0008_aug0811.wav,RADK_littleowls_birds
714,littleowl2017fg_train_DUB_0024_augpal.wav,DUB_littleowls_birds
715,cutted_day1_PC1109_0512_augpc1101.wav,PC1109_chiffchaffs_birds
716,littleowl2017fg_train_MNE_0028_augrac.wav,MNE_littleowls_birds
717,littleowl2017fg_train_MNE_0013_augpal.wav,MNE_littleowls_birds
718,littleowl2017fg_train_DUB_0019_aug1711.wav,DUB_littleowls_birds
719,cutted_day1_PC1109_0361_augf91913.wav,PC1109_chiffchaffs_birds
720,littleowl2017fg_train_DUB_0001_augpc1110.wav,DUB_littleowls_birds
721,littleowl2017fg_train_DUB_0009_augmne.wav,DUB_littleowls_birds
722,littleowl2017fg_train_MNE_0014_augpc1102.wav,MNE_littleowls_birds
723,cutted_day1_PC1113_0064_aug229.wav,PC1113_chiffchaffs_birds
724,littleowl2017fg_train_RADK_0023_aug7.wav,RADK_littleowls_birds
725,littleowl2017fg_train_RADK_0003_augpc1101.wav,RADK_littleowls_birds
726,littleowl2017fg_train_MNE_0015_augbre.wav,MNE_littleowls_birds
727,cutted_day1_PC1109_0140_aug1211.wav,PC1109_chiffchaffs_birds
728,littleowl2017fg_train_MNE_0011_augpc1108.wav,MNE_littleowls_birds
729,littleowl2017fg_train_MNE_0006_aug1611.wav,MNE_littleowls_birds
730,littleowl2017fg_train_DUB_0021_augpc1106.wav,DUB_littleowls_birds
731,cutted_day1_PC1109_0374_aug229.wav,PC1109_chiffchaffs_birds
732,littleowl2017fg_train_DUB_0007_auglis.wav,DUB_littleowls_birds
733,littleowl2017fg_train_DUB_0004_augf91916.wav,DUB_littleowls_birds
734,littleowl2017fg_train_RADK_0007_augpc1104.wav,RADK_littleowls_birds
735,cutted_day1_PC1109_0085_augpc1106.wav,PC1109_chiffchaffs_birds
736,littleowl2017fg_train_RADK_0019.wav,RADK_littleowls_birds
737,littleowl2017fg_train_RADK_0026_augf91907.wav,RADK_littleowls_birds
738,littleowl2017fg_train_MNE_0017_augpal.wav,MNE_littleowls_birds
739,cutted_day1_PC1113_0092_augpc1101.wav,PC1113_chiffchaffs_birds
740,littleowl2017fg_train_RADK_0027_augkme.wav,RADK_littleowls_birds
741,littleowl2017fg_train_RADK_0007_augf91973.wav,RADK_littleowls_birds
742,littleowl2017fg_train_MNE_0021_augdub.wav,MNE_littleowls_birds
743,cutted_day1_PC1109_0290_augf91959.wav,PC1109_chiffchaffs_birds
744,littleowl2017fg_train_DUB_0017_augkme.wav,DUB_littleowls_birds
745,littleowl2017fg_train_DUB_0000_augpal.wav,DUB_littleowls_birds
746,littleowl2017fg_train_RADK_0007_aug0212.wav,RADK_littleowls_birds
747,cutted_day1_PC1109_0443_augpc1101.wav,PC1109_chiffchaffs_birds
748,littleowl2017fg_train_MNE_0015_augpc1104.wav,MNE_littleowls_birds
749,littleowl2017fg_train_MNE_0015_aug1711.wav,MNE_littleowls_birds
750,littleowl2017fg_train_RADK_0019_augf91959.wav,RADK_littleowls_birds
751,cutted_day1_PC1109_0626_augvev.wav,PC1109_chiffchaffs_birds
752,littleowl2017fg_train_DUB_0021_augkme.wav,DUB_littleowls_birds
753,littleowl2017fg_train_DUB_0026_augkme.wav,DUB_littleowls_birds
754,littleowl2017fg_train_RADK_0010_augpc1109.wav,RADK_littleowls_birds
755,cutted_day1_PC1109_0438_augf72726.wav,PC1109_chiffchaffs_birds
756,littleowl2017fg_train_RADK_0028_augpc1104.wav,RADK_littleowls_birds
757,littleowl2017fg_train_RADK_0016_augpc1103.wav,RADK_littleowls_birds
758,littleowl2017fg_train_DUB_0002_augpc1112.wav,DUB_littleowls_birds
759,cutted_day1_PC1109_0366_aug0811.wav,PC1109_chiffchaffs_birds
760,littleowl2017fg_train_MNE_0005_augpal.wav,MNE_littleowls_birds
761,littleowl2017fg_train_MNE_0024_augf91915.wav,MNE_littleowls_birds
762,littleowl2017fg_train_DUB_0016_augpal.wav,DUB_littleowls_birds
763,cutted_day1_PC1113_0107_augpc1105.wav,PC1113_chiffchaffs_birds
764,littleowl2017fg_train_RADK_0025_aug7.wav,RADK_littleowls_birds
765,littleowl2017fg_train_RADK_0029_aug193.wav,RADK_littleowls_birds
766,littleowl2017fg_train_MNE_0033_augf91903.wav,MNE_littleowls_birds
767,cutted_day1_PC1109_0085_augradk.wav,PC1109_chiffchaffs_birds
768,littleowl2017fg_train_DUB_0022_augpc1112.wav,DUB_littleowls_birds
769,littleowl2017fg_train_DUB_0006_augbre.wav,DUB_littleowls_birds
770,littleowl2017fg_train_RADK_0014_aug0712.wav,RADK_littleowls_birds
771,cutted_day1_PC1109_0565_augf91954.wav,PC1109_chiffchaffs_birds
772,littleowl2017fg_train_DUB_0008_aug1611.wav,DUB_littleowls_birds
773,littleowl2017fg_train_DUB_0003_augpc1109.wav,DUB_littleowls_birds
774,littleowl2017fg_train_RADK_0027_augpc1105.wav,RADK_littleowls_birds
775,cutted_day1_PC1109_0316_augpc1102.wav,PC1109_chiffchaffs_birds
776,littleowl2017fg_train_DUB_0009_aug108.wav,DUB_littleowls_birds
777,littleowl2017fg_train_DUB_0010_augf91959.wav,DUB_littleowls_birds
778,littleowl2017fg_train_RADK_0009_augdub.wav,RADK_littleowls_birds
779,cutted_day1_PC1109_0697_augpc1112.wav,PC1109_chiffchaffs_birds
780,littleowl2017fg_train_RADK_0029_augcer.wav,RADK_littleowls_birds
781,littleowl2017fg_train_RADK_0028_augf91973.wav,RADK_littleowls_birds
782,littleowl2017fg_train_DUB_0003_augf91973.wav,DUB_littleowls_birds
783,pipit2017fg_train_0212_0021_augpc1113.wav,0212_pipits_birds
784,littleowl2017fg_train_MNE_0000_augrac.wav,MNE_littleowls_birds
785,littleowl2017fg_train_MNE_0016_aug108.wav,MNE_littleowls_birds
786,littleowl2017fg_train_RADK_0013_augpc1105.wav,RADK_littleowls_birds
787,cutted_day1_PC1109_0455_augrac.wav,PC1109_chiffchaffs_birds
788,littleowl2017fg_train_MNE_0002_augf72726.wav,MNE_littleowls_birds
789,littleowl2017fg_train_MNE_0025_aug193.wav,MNE_littleowls_birds
790,littleowl2017fg_train_DUB_0021_augpc1102.wav,DUB_littleowls_birds
791,cutted_day1_PC1109_0523_aug1611.wav,PC1109_chiffchaffs_birds
792,littleowl2017fg_train_MNE_0025_augpc1112.wav,MNE_littleowls_birds
793,littleowl2017fg_train_MNE_0001_augf91916.wav,MNE_littleowls_birds
794,littleowl2017fg_train_RADK_0015_aug1511.wav,RADK_littleowls_birds
795,cutted_day1_PC1109_0154_aug1711.wav,PC1109_chiffchaffs_birds
796,littleowl2017fg_train_MNE_0008.wav,MNE_littleowls_birds
797,littleowl2017fg_train_MNE_0012.wav,MNE_littleowls_birds
798,littleowl2017fg_train_RADK_0023_augf91969.wav,RADK_littleowls_birds
799,cutted_day1_PC1109_0508_augdub.wav,PC1109_chiffchaffs_birds
800,pipit2017fg_train_0212_0012_augpc1112.wav,0212_pipits_birds
801,pipit2017fg_train_0212_0034_aug193.wav,0212_pipits_birds
802,pipit2017fg_train_0712_0013_augpc1110.wav,0712_pipits_birds
803,cutted_day1_PC1109_0453_augpc1105.wav,PC1109_chiffchaffs_birds
804,pipit2017fg_train_0312_0032_augf91973.wav,0312_pipits_birds
805,pipit2017fg_train_0312_0024_aug94.wav,0312_pipits_birds
806,pipit2017fg_train_0712_0041_augpc1105.wav,0712_pipits_birds
807,cutted_day1_PC1113_0158_augf91954.wav,PC1113_chiffchaffs_birds
808,pipit2017fg_train_0712_0003_aug1611.wav,0712_pipits_birds
809,pipit2017fg_train_0712_0003_augpc1105.wav,0712_pipits_birds
810,pipit2017fg_train_0212_0037_augkme.wav,0212_pipits_birds
811,littleowl2017fg_train_DUB_0022_augradbf.wav,DUB_littleowls_birds
812,pipit2017fg_train_0212_0007.wav,0212_pipits_birds
813,pipit2017fg_train_0212_0006_augdub.wav,0212_pipits_birds
814,pipit2017fg_train_0712_0013_augcer.wav,0712_pipits_birds
815,littleowl2017fg_train_DUB_0008_augradbf.wav,DUB_littleowls_birds
816,pipit2017fg_train_0312_0035_augpc1104.wav,0312_pipits_birds
817,pipit2017fg_train_0312_0018_augkme.wav,0312_pipits_birds
818,pipit2017fg_train_0212_0029_augf91903.wav,0212_pipits_birds
819,cutted_day1_PC1109_0391_aug0312.wav,PC1109_chiffchaffs_birds
820,pipit2017fg_train_0212_0024_augpc1103.wav,0212_pipits_birds
821,pipit2017fg_train_0212_0019_augbre.wav,0212_pipits_birds
822,pipit2017fg_train_0712_0020_augvev.wav,0712_pipits_birds
823,cutted_day1_PC1109_0610_augdub.wav,PC1109_chiffchaffs_birds
824,pipit2017fg_train_0712_0039_augpc1105.wav,0712_pipits_birds
825,pipit2017fg_train_0712_0039_augrac.wav,0712_pipits_birds
826,pipit2017fg_train_0312_0011_augpc1109.wav,0312_pipits_birds
827,cutted_day1_PC1109_0091_aug0911.wav,PC1109_chiffchaffs_birds
828,pipit2017fg_train_0712_0035_augf91969.wav,0712_pipits_birds
829,pipit2017fg_train_0712_0036_aug1611.wav,0712_pipits_birds
830,pipit2017fg_test_0212_0035.wav,0212_pipits_birds
831,cutted_day2_PC1113_0014.wav,PC1113_chiffchaffs_birds
832,pipit2017fg_train_0212_0028_augradbf.wav,0212_pipits_birds
833,pipit2017fg_train_0212_0011_aug0312.wav,0212_pipits_birds
834,pipit2017fg_train_0712_0035_augpal.wav,0712_pipits_birds
835,cutted_day1_PC1109_0120_augpc1108.wav,PC1109_chiffchaffs_birds
836,pipit2017fg_train_0712_0017_augpc1103.wav,0712_pipits_birds
837,pipit2017fg_train_0712_0029_augpc1105.wav,0712_pipits_birds
838,pipit2017fg_train_0212_0026_aug0811.wav,0212_pipits_birds
839,cutted_day1_PC1109_0752_augf72726.wav,PC1109_chiffchaffs_birds
840,pipit2017fg_train_0712_0012_augpc1109.wav,0712_pipits_birds
841,pipit2017fg_train_0712_0029_augdub.wav,0712_pipits_birds
842,pipit2017fg_train_0312_0012_aug229.wav,0312_pipits_birds
843,cutted_day1_PC1113_0083_aug193.wav,PC1113_chiffchaffs_birds
844,pipit2017fg_train_0312_0007_augpc1113.wav,0312_pipits_birds
845,pipit2017fg_train_0312_0020_augf72726.wav,0312_pipits_birds
846,pipit2017fg_train_0712_0041_aug0312.wav,0712_pipits_birds
847,cutted_fgx_F91915_0015_augpc1101.wav,F91915_chiffchaffs_birds
848,pipit2017fg_test_0312_0015.wav,0312_pipits_birds
849,pipit2017fg_train_0312_0019_augf91913.wav,0312_pipits_birds
850,pipit2017fg_train_0212_0029_aug0811.wav,0212_pipits_birds
851,cutted_day1_PC1109_0741_augpc1106.wav,PC1109_chiffchaffs_birds
852,pipit2017fg_train_0212_0004_aug108.wav,0212_pipits_birds
853,pipit2017fg_train_0212_0019_augpc1106.wav,0212_pipits_birds
854,pipit2017fg_train_0712_0016_aug1211.wav,0712_pipits_birds
855,cutted_day1_PC1109_0291_augpc1112.wav,PC1109_chiffchaffs_birds
856,pipit2017fg_train_0712_0014_augf91913.wav,0712_pipits_birds
857,pipit2017fg_train_0712_0027_augpc1103.wav,0712_pipits_birds
858,pipit2017fg_train_0312_0016_aug0811.wav,0312_pipits_birds
859,cutted_day1_PC1109_0246_augf91907.wav,PC1109_chiffchaffs_birds
860,pipit2017fg_train_0212_0032_augkme.wav,0212_pipits_birds
861,pipit2017fg_train_0212_0002_augkme.wav,0212_pipits_birds
862,pipit2017fg_train_0712_0001_aug0811.wav,0712_pipits_birds
863,cutted_day1_PC1113_0087_augf91915.wav,PC1113_chiffchaffs_birds
864,pipit2017fg_train_0712_0024_augpc1112.wav,0712_pipits_birds
865,pipit2017fg_train_0712_0007_augcer.wav,0712_pipits_birds
866,pipit2017fg_train_0212_0042_augpc1101.wav,0212_pipits_birds
867,cutted_day1_PC1109_0366_augf91954.wav,PC1109_chiffchaffs_birds
868,pipit2017fg_train_0712_0016_aug0212.wav,0712_pipits_birds
869,pipit2017fg_train_0712_0020_auglis.wav,0712_pipits_birds
870,pipit2017fg_train_0212_0042.wav,0212_pipits_birds
871,cutted_day1_PC1109_0230_augkme.wav,PC1109_chiffchaffs_birds
872,pipit2017fg_train_0212_0040_augpc1113.wav,0212_pipits_birds
873,pipit2017fg_years_0212_0003.wav,0212_pipits_birds
874,pipit2017fg_train_0312_0021_augpc1113.wav,0312_pipits_birds
875,littleowl2017fg_train_DUB_0012_augpc1108.wav,DUB_littleowls_birds
876,pipit2017fg_train_0712_0036_augpc1101.wav,0712_pipits_birds
877,pipit2017fg_train_0712_0034_augpc1107.wav,0712_pipits_birds
878,pipit2017fg_train_0212_0009_augpc1101.wav,0212_pipits_birds
879,cutted_day1_PC1109_0416_augpc1107.wav,PC1109_chiffchaffs_birds
880,pipit2017fg_train_0212_0015_augf91916.wav,0212_pipits_birds
881,pipit2017fg_train_0212_0031_augf91903.wav,0212_pipits_birds
882,pipit2017fg_train_0712_0000_aug0911.wav,0712_pipits_birds
883,cutted_day1_PC1109_0739_augmne.wav,PC1109_chiffchaffs_birds
884,pipit2017fg_years_0712_0023.wav,0712_pipits_birds
885,pipit2017fg_train_0712_0010_auglis.wav,0712_pipits_birds
886,pipit2017fg_train_0312_0008_augpc1112.wav,0312_pipits_birds
887,cutted_day1_PC1109_0430.wav,PC1109_chiffchaffs_birds
888,pipit2017fg_train_0312_0000_augradbf.wav,0312_pipits_birds
889,pipit2017fg_train_0312_0016_augf91954.wav,0312_pipits_birds
890,pipit2017fg_train_0712_0024_augbre.wav,0712_pipits_birds
891,littleowl2017fg_train_RADK_0026_augdub.wav,RADK_littleowls_birds
892,pipit2017fg_train_0212_0012.wav,0212_pipits_birds
893,pipit2017fg_train_0212_0021_aug1011.wav,0212_pipits_birds
894,pipit2017fg_train_0312_0032_augf91954.wav,0312_pipits_birds
895,cutted_day1_PC1109_0406_augkme.wav,PC1109_chiffchaffs_birds
896,pipit2017fg_train_0312_0016_aug229.wav,0312_pipits_birds
897,pipit2017fg_train_0312_0019_aug0811.wav,0312_pipits_birds
898,pipit2017fg_years_0212_0002.wav,0212_pipits_birds
899,cutted_day1_PC1109_0547_augf72726.wav,PC1109_chiffchaffs_birds
900,pipit2017fg_train_0312_0028_augf91915.wav,0312_pipits_birds
901,pipit2017fg_train_0312_0005_augradk.wav,0312_pipits_birds
902,pipit2017fg_train_0212_0001_augpc1103.wav,0212_pipits_birds
903,cutted_day1_PC1109_0329_augpc1107.wav,PC1109_chiffchaffs_birds
904,pipit2017fg_train_0312_0024_augradk.wav,0312_pipits_birds
905,pipit2017fg_train_0312_0026.wav,0312_pipits_birds
906,pipit2017fg_train_0212_0029_aug229.wav,0212_pipits_birds
907,cutted_day1_PC1109_0542_augpc1111.wav,PC1109_chiffchaffs_birds
908,pipit2017fg_train_0312_0021_augpc1109.wav,0312_pipits_birds
909,pipit2017fg_years_0312_0021.wav,0312_pipits_birds
910,pipit2017fg_train_0212_0007_augpc1107.wav,0212_pipits_birds
911,cutted_day1_PC1109_0119.wav,PC1109_chiffchaffs_birds
912,pipit2017fg_train_0312_0006_aug1711.wav,0312_pipits_birds
913,pipit2017fg_train_0312_0019_augf91915.wav,0312_pipits_birds
914,pipit2017fg_train_0712_0036_aug108.wav,0712_pipits_birds
915,cutted_day1_PC1109_0349_augpc1112.wav,PC1109_chiffchaffs_birds
916,pipit2017fg_train_0712_0012_augmne.wav,0712_pipits_birds
917,pipit2017fg_train_0712_0029.wav,0712_pipits_birds
918,pipit2017fg_train_0312_0018_augpc1105.wav,0312_pipits_birds
919,cutted_day1_PC1109_0060_aug0312.wav,PC1109_chiffchaffs_birds
920,pipit2017fg_train_0212_0030_aug0712.wav,0212_pipits_birds
921,pipit2017fg_train_0212_0026_augpc1103.wav,0212_pipits_birds
922,pipit2017fg_train_0712_0013_aug1511.wav,0712_pipits_birds
923,cutted_day1_PC1109_0481_augf91959.wav,PC1109_chiffchaffs_birds
924,pipit2017fg_train_0212_0025_augf91907.wav,0212_pipits_birds
925,pipit2017fg_train_0212_0008_augf91973.wav,0212_pipits_birds
926,pipit2017fg_train_0712_0002_aug1711.wav,0712_pipits_birds
927,cutted_day1_PC1109_0141_augcer.wav,PC1109_chiffchaffs_birds
928,pipit2017fg_train_0712_0011_augpal.wav,0712_pipits_birds
929,pipit2017fg_train_0712_0001_augf91954.wav,0712_pipits_birds
930,pipit2017fg_train_0312_0023_aug1011.wav,0312_pipits_birds
931,littleowl2017fg_train_RADK_0014_aug0212.wav,RADK_littleowls_birds
932,pipit2017fg_train_0712_0016_augf91903.wav,0712_pipits_birds
933,pipit2017fg_train_0712_0020_augpc1103.wav,0712_pipits_birds
934,pipit2017fg_train_0312_0000_augf91907.wav,0312_pipits_birds
935,cutted_day1_PC1109_0325_augpc1103.wav,PC1109_chiffchaffs_birds
936,pipit2017fg_years_0212_0025.wav,0212_pipits_birds
937,pipit2017fg_train_0212_0019_aug0712.wav,0212_pipits_birds
938,pipit2017fg_train_0712_0030_augvev.wav,0712_pipits_birds
939,cutted_day1_PC1109_0490_augpc1111.wav,PC1109_chiffchaffs_birds
940,pipit2017fg_train_0212_0027_augdub.wav,0212_pipits_birds
941,pipit2017fg_train_0212_0002_aug1711.wav,0212_pipits_birds
942,pipit2017fg_train_0712_0036_augpal.wav,0712_pipits_birds
943,cutted_day1_PC1109_0522_augf91907.wav,PC1109_chiffchaffs_birds
944,pipit2017fg_train_0212_0011_augrac.wav,0212_pipits_birds
945,pipit2017fg_train_0212_0039_aug108.wav,0212_pipits_birds
946,pipit2017fg_train_0312_0004_aug1711.wav,0312_pipits_birds
947,cutted_day1_PC1109_0698_augf91903.wav,PC1109_chiffchaffs_birds
948,pipit2017fg_years_0712_0017.wav,0712_pipits_birds
949,pipit2017fg_train_0712_0042_aug1711.wav,0712_pipits_birds
950,pipit2017fg_train_0312_0028_augf91973.wav,0312_pipits_birds
951,cutted_day1_PC1109_0523_augpc1107.wav,PC1109_chiffchaffs_birds
952,pipit2017fg_train_0712_0037_aug1011.wav,0712_pipits_birds
953,pipit2017fg_train_0712_0016_aug1711.wav,0712_pipits_birds
954,pipit2017fg_train_0212_0005_augpc1105.wav,0212_pipits_birds
955,littleowl2017fg_train_RADK_0028_augpc1107.wav,RADK_littleowls_birds
956,pipit2017fg_train_0712_0042_augcer.wav,0712_pipits_birds
957,pipit2017fg_train_0712_0014_augf91916.wav,0712_pipits_birds
958,pipit2017fg_train_0212_0016_augkme.wav,0212_pipits_birds
959,littleowl2017fg_train_RADK_0023_aug0312.wav,RADK_littleowls_birds
960,pipit2017fg_train_0312_0010_augf91903.wav,0312_pipits_birds
961,pipit2017fg_test_0312_0009.wav,0312_pipits_birds
962,pipit2017fg_train_0712_0043_augf91913.wav,0712_pipits_birds
963,cutted_day1_PC1109_0738_aug193.wav,PC1109_chiffchaffs_birds
964,pipit2017fg_train_0312_0026_augpc1113.wav,0312_pipits_birds
965,pipit2017fg_train_0312_0016_augpc1107.wav,0312_pipits_birds
966,pipit2017fg_train_0212_0036_aug1211.wav,0212_pipits_birds
967,cutted_day1_PC1109_0010_augf91913.wav,PC1109_chiffchaffs_birds
968,pipit2017fg_train_0212_0031_augf91907.wav,0212_pipits_birds
969,pipit2017fg_train_0212_0004_augpc1104.wav,0212_pipits_birds
970,pipit2017fg_train_0712_0017_auglis.wav,0712_pipits_birds
971,cutted_day1_PC1109_0038_augrac.wav,PC1109_chiffchaffs_birds
972,pipit2017fg_train_0212_0024_aug1711.wav,0212_pipits_birds
973,pipit2017fg_train_0212_0000_augpc1104.wav,0212_pipits_birds
974,pipit2017fg_train_0312_0028_augvev.wav,0312_pipits_birds
975,cutted_day1_PC1109_0001_augdub.wav,PC1109_chiffchaffs_birds
976,pipit2017fg_train_0712_0042_aug7.wav,0712_pipits_birds
977,pipit2017fg_train_0712_0043_augpc1111.wav,0712_pipits_birds
978,pipit2017fg_train_0212_0027_augpc1103.wav,0212_pipits_birds
979,cutted_day1_PC1109_0712_aug94.wav,PC1109_chiffchaffs_birds
980,pipit2017fg_train_0712_0024_aug0312.wav,0712_pipits_birds
981,pipit2017fg_train_0712_0041_augpc1103.wav,0712_pipits_birds
982,pipit2017fg_train_0312_0027_aug229.wav,0312_pipits_birds
983,cutted_day1_PC1113_0152_augf91959.wav,PC1113_chiffchaffs_birds
984,pipit2017fg_train_0712_0031_augf91973.wav,0712_pipits_birds
985,pipit2017fg_years_0712_0019.wav,0712_pipits_birds
986,pipit2017fg_train_0212_0029_aug193.wav,0212_pipits_birds
987,cutted_day1_PC1109_0474_aug0911.wav,PC1109_chiffchaffs_birds
988,pipit2017fg_train_0712_0012_augpc1111.wav,0712_pipits_birds
989,pipit2017fg_train_0712_0038_aug229.wav,0712_pipits_birds
990,pipit2017fg_train_0312_0022_augradbf.wav,0312_pipits_birds
991,cutted_day1_PC1109_0135_augf91969.wav,PC1109_chiffchaffs_birds
992,pipit2017fg_train_0312_0025_augf91915.wav,0312_pipits_birds
993,pipit2017fg_train_0312_0022_aug193.wav,0312_pipits_birds
994,pipit2017fg_train_0212_0035_augpc1108.wav,0212_pipits_birds
995,cutted_day1_PC1109_0147_augpc1101.wav,PC1109_chiffchaffs_birds
996,pipit2017fg_train_0312_0029_aug0712.wav,0312_pipits_birds
997,pipit2017fg_train_0312_0022_augpc1104.wav,0312_pipits_birds
998,pipit2017fg_train_0712_0027_augpc1108.wav,0712_pipits_birds
999,littleowl2017fg_train_MNE_0014_augbre.wav,MNE_littleowls_birds
1000,pipit2017fg_train_0712_0006_augf91969.wav,0712_pipits_birds
1001,pipit2017fg_train_0712_0029_aug0811.wav,0712_pipits_birds
1002,pipit2017fg_train_0312_0014_augf91916.wav,0312_pipits_birds
1003,cutted_day1_PC1113_0095_augdub.wav,PC1113_chiffchaffs_birds
1004,pipit2017fg_train_0212_0024_aug7.wav,0212_pipits_birds
1005,pipit2017fg_train_0212_0023_augpc1113.wav,0212_pipits_birds
1006,pipit2017fg_train_0312_0017_aug0712.wav,0312_pipits_birds
1007,cutted_day1_PC1109_0650_aug94.wav,PC1109_chiffchaffs_birds
1008,pipit2017fg_train_0212_0019_augpc1113.wav,0212_pipits_birds
1009,pipit2017fg_train_0212_0017_augradk.wav,0212_pipits_birds
1010,pipit2017fg_train_0712_0023_augpc1112.wav,0712_pipits_birds
1011,cutted_day1_PC1109_0082_augdub.wav,PC1109_chiffchaffs_birds
1012,pipit2017fg_train_0712_0009_augdub.wav,0712_pipits_birds
1013,pipit2017fg_train_0712_0007_augf91973.wav,0712_pipits_birds
1014,pipit2017fg_train_0312_0008_augf91973.wav,0312_pipits_birds
1015,cutted_fgx_F91915_0002_augf91973.wav,F91915_chiffchaffs_birds
1016,pipit2017fg_train_0212_0001_aug1711.wav,0212_pipits_birds
1017,pipit2017fg_train_0212_0009_aug7.wav,0212_pipits_birds
1018,pipit2017fg_train_0712_0036_augpc1107.wav,0712_pipits_birds
1019,cutted_day1_PC1109_0195_augpc1104.wav,PC1109_chiffchaffs_birds
1020,pipit2017fg_train_0212_0012_auglis.wav,0212_pipits_birds
1021,pipit2017fg_train_0212_0030_augpc1112.wav,0212_pipits_birds
1022,pipit2017fg_train_0312_0014_augpal.wav,0312_pipits_birds
1023,cutted_day1_PC1109_0208_aug0212.wav,PC1109_chiffchaffs_birds
1024,pipit2017fg_train_0712_0025_augradk.wav,0712_pipits_birds
1025,pipit2017fg_train_0712_0027_augpc1106.wav,0712_pipits_birds
1026,pipit2017fg_train_0312_0004_aug1611.wav,0312_pipits_birds
1027,cutted_day1_PC1109_0231_aug1211.wav,PC1109_chiffchaffs_birds
1028,pipit2017fg_train_0312_0034_augpc1108.wav,0312_pipits_birds
1029,pipit2017fg_train_0312_0013_aug0811.wav,0312_pipits_birds
1030,pipit2017fg_train_0212_0029_augf91959.wav,0212_pipits_birds
1031,cutted_fgx_F91915_0006_aug1711.wav,F91915_chiffchaffs_birds
1032,pipit2017fg_train_0212_0017_aug94.wav,0212_pipits_birds
1033,pipit2017fg_train_0212_0006_augf91916.wav,0212_pipits_birds
1034,pipit2017fg_train_0312_0029_augpc1102.wav,0312_pipits_birds
1035,cutted_day1_PC1113_0045_aug94.wav,PC1113_chiffchaffs_birds
1036,pipit2017fg_train_0312_0031_augf91916.wav,0312_pipits_birds
1037,pipit2017fg_train_0312_0006_augpc1101.wav,0312_pipits_birds
1038,pipit2017fg_train_0212_0012_aug94.wav,0212_pipits_birds
1039,cutted_day1_PC1109_0244_augf91973.wav,PC1109_chiffchaffs_birds
1040,pipit2017fg_train_0712_0028_augf91916.wav,0712_pipits_birds
1041,pipit2017fg_train_0712_0003_augf72726.wav,0712_pipits_birds
1042,pipit2017fg_train_0212_0009_augrac.wav,0212_pipits_birds
1043,cutted_day1_PC1109_0037_aug0712.wav,PC1109_chiffchaffs_birds
1044,pipit2017fg_train_0212_0036_augf91916.wav,0212_pipits_birds
1045,pipit2017fg_train_0212_0040_augf91913.wav,0212_pipits_birds
1046,pipit2017fg_train_0712_0025_aug0312.wav,0712_pipits_birds
1047,cutted_day1_PC1113_0175.wav,PC1113_chiffchaffs_birds
1048,pipit2017fg_train_0312_0035_augmne.wav,0312_pipits_birds
1049,pipit2017fg_train_0312_0013_augbre.wav,0312_pipits_birds
1050,pipit2017fg_train_0712_0034_augpc1113.wav,0712_pipits_birds
1051,cutted_day1_PC1109_0567_augf91915.wav,PC1109_chiffchaffs_birds
1052,pipit2017fg_train_0212_0015_auglis.wav,0212_pipits_birds
1053,pipit2017fg_train_0212_0033_augpc1110.wav,0212_pipits_birds
1054,pipit2017fg_years_0712_0029.wav,0712_pipits_birds
1055,cutted_day1_PC1109_0735_aug229.wav,PC1109_chiffchaffs_birds
1056,pipit2017fg_train_0212_0009_augpc1102.wav,0212_pipits_birds
1057,pipit2017fg_train_0212_0038_augf91973.wav,0212_pipits_birds
1058,pipit2017fg_train_0312_0006_auglis.wav,0312_pipits_birds
1059,cutted_day1_PC1109_0346_augcer.wav,PC1109_chiffchaffs_birds
1060,pipit2017fg_train_0212_0019_augkme.wav,0212_pipits_birds
1061,pipit2017fg_train_0212_0015_aug1211.wav,0212_pipits_birds
1062,pipit2017fg_train_0712_0004_augpc1107.wav,0712_pipits_birds
1063,cutted_day1_PC1109_0372_augf91903.wav,PC1109_chiffchaffs_birds
1064,pipit2017fg_train_0312_0010_augradbf.wav,0312_pipits_birds
1065,pipit2017fg_train_0312_0029_augvev.wav,0312_pipits_birds
1066,pipit2017fg_train_0212_0017.wav,0212_pipits_birds
1067,littleowl2017fg_train_MNE_0021_aug0712.wav,MNE_littleowls_birds
1068,pipit2017fg_train_0212_0005_augpc1107.wav,0212_pipits_birds
1069,pipit2017fg_train_0212_0030_augf91907.wav,0212_pipits_birds
1070,pipit2017fg_train_0712_0006_aug94.wav,0712_pipits_birds
1071,cutted_day1_PC1109_0615_augf91954.wav,PC1109_chiffchaffs_birds
1072,pipit2017fg_train_0312_0027_augbre.wav,0312_pipits_birds
1073,pipit2017fg_train_0312_0021_augf91913.wav,0312_pipits_birds
1074,pipit2017fg_train_0212_0041_augpc1108.wav,0212_pipits_birds
1075,cutted_day1_PC1113_0084_aug0811.wav,PC1113_chiffchaffs_birds
1076,pipit2017fg_train_0712_0000_augpc1111.wav,0712_pipits_birds
1077,pipit2017fg_train_0712_0005_aug193.wav,0712_pipits_birds
1078,pipit2017fg_train_0312_0010_augvev.wav,0312_pipits_birds
1079,cutted_day1_PC1109_0195_augkme.wav,PC1109_chiffchaffs_birds
1080,pipit2017fg_train_0712_0024_augf72726.wav,0712_pipits_birds
1081,pipit2017fg_train_0712_0041_augpc1106.wav,0712_pipits_birds
1082,pipit2017fg_train_0312_0028_aug0911.wav,0312_pipits_birds
1083,cutted_day1_PC1109_0065_augf91973.wav,PC1109_chiffchaffs_birds
1084,pipit2017fg_train_0212_0030.wav,0212_pipits_birds
1085,pipit2017fg_train_0212_0004_augf91954.wav,0212_pipits_birds
1086,pipit2017fg_train_0312_0002_aug0212.wav,0312_pipits_birds
1087,cutted_day1_PC1109_0530_augradk.wav,PC1109_chiffchaffs_birds
1088,pipit2017fg_train_0712_0009_augpc1103.wav,0712_pipits_birds
1089,pipit2017fg_train_0712_0026_augkme.wav,0712_pipits_birds
1090,pipit2017fg_train_0212_0015_aug0712.wav,0212_pipits_birds
1091,cutted_day1_PC1109_0217_augradbf.wav,PC1109_chiffchaffs_birds
1092,pipit2017fg_train_0212_0036_augf91915.wav,0212_pipits_birds
1093,pipit2017fg_train_0212_0029.wav,0212_pipits_birds
1094,pipit2017fg_train_0312_0034_augf91915.wav,0312_pipits_birds
1095,cutted_day1_PC1109_0583_augpc1113.wav,PC1109_chiffchaffs_birds
1096,pipit2017fg_train_0212_0035_augpc1105.wav,0212_pipits_birds
1097,pipit2017fg_train_0212_0034_aug94.wav,0212_pipits_birds
1098,pipit2017fg_train_0712_0010_augpc1112.wav,0712_pipits_birds
1099,cutted_day1_PC1109_0752_aug0911.wav,PC1109_chiffchaffs_birds
1100,pipit2017fg_train_0712_0001_augf91969.wav,0712_pipits_birds
1101,pipit2017fg_train_0712_0004_augvev.wav,0712_pipits_birds
1102,pipit2017fg_train_0312_0016_augpc1110.wav,0312_pipits_birds
1103,cutted_day1_PC1109_0654_augf91959.wav,PC1109_chiffchaffs_birds
1104,pipit2017fg_train_0312_0019_aug108.wav,0312_pipits_birds
1105,pipit2017fg_train_0312_0004_aug193.wav,0312_pipits_birds
1106,pipit2017fg_train_0712_0029_aug193.wav,0712_pipits_birds
1107,cutted_day1_PC1109_0694_augpc1104.wav,PC1109_chiffchaffs_birds
1108,pipit2017fg_train_0712_0034_aug1611.wav,0712_pipits_birds
1109,pipit2017fg_train_0712_0039_augpc1101.wav,0712_pipits_birds
1110,pipit2017fg_train_0312_0012_aug7.wav,0312_pipits_birds
1111,cutted_day1_PC1109_0480_augcer.wav,PC1109_chiffchaffs_birds
1112,pipit2017fg_train_0312_0017_augf91916.wav,0312_pipits_birds
1113,pipit2017fg_train_0312_0034_augf91913.wav,0312_pipits_birds
1114,pipit2017fg_train_0712_0020_augbre.wav,0712_pipits_birds
1115,cutted_day1_PC1109_0028_aug229.wav,PC1109_chiffchaffs_birds
1116,pipit2017fg_train_0212_0017_augpc1103.wav,0212_pipits_birds
1117,pipit2017fg_train_0212_0018_augkme.wav,0212_pipits_birds
1118,pipit2017fg_train_0312_0033_augf91973.wav,0312_pipits_birds
1119,cutted_day1_PC1109_0003_aug7.wav,PC1109_chiffchaffs_birds
1120,pipit2017fg_train_0212_0009_aug1211.wav,0212_pipits_birds
1121,pipit2017fg_train_0212_0005_augpc1113.wav,0212_pipits_birds
1122,pipit2017fg_train_0712_0017_aug1711.wav,0712_pipits_birds
1123,cutted_day1_PC1109_0215_augpal.wav,PC1109_chiffchaffs_birds
1124,pipit2017fg_train_0212_0029_augcer.wav,0212_pipits_birds
1125,pipit2017fg_train_0212_0032_aug0712.wav,0212_pipits_birds
1126,pipit2017fg_train_0312_0028_aug1611.wav,0312_pipits_birds
1127,cutted_day1_PC1109_0188_augpc1106.wav,PC1109_chiffchaffs_birds
1128,pipit2017fg_train_0712_0040_augpc1108.wav,0712_pipits_birds
1129,pipit2017fg_train_0712_0039_augcer.wav,0712_pipits_birds
1130,pipit2017fg_train_0312_0015_aug108.wav,0312_pipits_birds
1131,cutted_day1_PC1113_0107_augf91907.wav,PC1113_chiffchaffs_birds
1132,pipit2017fg_train_0212_0025_augcer.wav,0212_pipits_birds
1133,pipit2017fg_train_0212_0030_augpc1110.wav,0212_pipits_birds
1134,pipit2017fg_train_0312_0026_augpc1109.wav,0312_pipits_birds
1135,cutted_day1_PC1109_0445_augf91959.wav,PC1109_chiffchaffs_birds
1136,pipit2017fg_train_0712_0026_augpc1101.wav,0712_pipits_birds
1137,pipit2017fg_train_0712_0008_aug7.wav,0712_pipits_birds
1138,pipit2017fg_train_0312_0012_augradbf.wav,0312_pipits_birds
1139,cutted_day1_PC1109_0118_augpc1107.wav,PC1109_chiffchaffs_birds
1140,pipit2017fg_train_0712_0011_augf91954.wav,0712_pipits_birds
1141,pipit2017fg_train_0712_0001_aug108.wav,0712_pipits_birds
1142,pipit2017fg_train_0312_0000_augpc1104.wav,0312_pipits_birds
1143,cutted_day1_PC1109_0628_augpc1113.wav,PC1109_chiffchaffs_birds
1144,pipit2017fg_train_0312_0000_aug193.wav,0312_pipits_birds
1145,pipit2017fg_train_0312_0024_aug229.wav,0312_pipits_birds
1146,pipit2017fg_train_0212_0001_aug0312.wav,0212_pipits_birds
1147,cutted_day1_PC1113_0054_aug0212.wav,PC1113_chiffchaffs_birds
1148,pipit2017fg_train_0712_0002_augf91959.wav,0712_pipits_birds
1149,pipit2017fg_train_0712_0029_augf91973.wav,0712_pipits_birds
1150,pipit2017fg_train_0212_0009_augpc1113.wav,0212_pipits_birds
1151,cutted_day1_PC1113_0061_aug193.wav,PC1113_chiffchaffs_birds
1152,pipit2017fg_train_0712_0038_augf91915.wav,0712_pipits_birds
1153,pipit2017fg_train_0712_0008_augpc1110.wav,0712_pipits_birds
1154,pipit2017fg_train_0212_0032_aug0811.wav,0212_pipits_birds
1155,cutted_day1_PC1109_0634_augbre.wav,PC1109_chiffchaffs_birds
1156,pipit2017fg_train_0312_0022_augpc1103.wav,0312_pipits_birds
1157,pipit2017fg_train_0312_0029_augpc1109.wav,0312_pipits_birds
1158,pipit2017fg_train_0212_0024_augpc1110.wav,0212_pipits_birds
1159,littleowl2017fg_train_RADK_0025_augf91907.wav,RADK_littleowls_birds
1160,pipit2017fg_train_0712_0004_augradbf.wav,0712_pipits_birds
1161,pipit2017fg_train_0712_0008_augkme.wav,0712_pipits_birds
1162,pipit2017fg_train_0212_0013_augf91915.wav,0212_pipits_birds
1163,cutted_day1_PC1109_0113_augpc1113.wav,PC1109_chiffchaffs_birds
1164,pipit2017fg_train_0212_0012_augpc1103.wav,0212_pipits_birds
1165,pipit2017fg_train_0212_0035_augpc1106.wav,0212_pipits_birds
1166,pipit2017fg_train_0312_0035_aug7.wav,0312_pipits_birds
1167,cutted_day1_PC1109_0474_augpc1106.wav,PC1109_chiffchaffs_birds
1168,pipit2017fg_train_0712_0005_aug0811.wav,0712_pipits_birds
1169,pipit2017fg_train_0712_0026_augpc1110.wav,0712_pipits_birds
1170,pipit2017fg_train_0212_0023_augrac.wav,0212_pipits_birds
1171,cutted_day1_PC1109_0136_augcer.wav,PC1109_chiffchaffs_birds
1172,pipit2017fg_train_0312_0010_augpc1109.wav,0312_pipits_birds
1173,pipit2017fg_train_0312_0008_augpc1105.wav,0312_pipits_birds
1174,pipit2017fg_train_0712_0034_augf91903.wav,0712_pipits_birds
1175,cutted_day1_PC1113_0153_augpc1111.wav,PC1113_chiffchaffs_birds
1176,pipit2017fg_train_0212_0037_augrac.wav,0212_pipits_birds
1177,pipit2017fg_train_0212_0034_augpc1108.wav,0212_pipits_birds
1178,pipit2017fg_train_0312_0001.wav,0312_pipits_birds
1179,cutted_day1_PC1109_0447_augpc1113.wav,PC1109_chiffchaffs_birds
1180,pipit2017fg_train_0212_0017_augf91915.wav,0212_pipits_birds
1181,pipit2017fg_train_0212_0006_augradbf.wav,0212_pipits_birds
1182,pipit2017fg_train_0712_0038_augf91903.wav,0712_pipits_birds
1183,cutted_day1_PC1109_0724_augpc1112.wav,PC1109_chiffchaffs_birds
1184,pipit2017fg_train_0312_0023_augf91907.wav,0312_pipits_birds
1185,pipit2017fg_train_0312_0022_augf91969.wav,0312_pipits_birds
1186,pipit2017fg_train_0712_0007_augradk.wav,0712_pipits_birds
1187,cutted_day1_PC1109_0003_augradk.wav,PC1109_chiffchaffs_birds
1188,pipit2017fg_train_0212_0011_augpc1110.wav,0212_pipits_birds
1189,pipit2017fg_train_0212_0023_augf91959.wav,0212_pipits_birds
1190,pipit2017fg_train_0312_0006_augpc1103.wav,0312_pipits_birds
1191,cutted_day1_PC1109_0733_augf91903.wav,PC1109_chiffchaffs_birds
1192,pipit2017fg_train_0712_0011_aug229.wav,0712_pipits_birds
1193,pipit2017fg_train_0712_0035_augpc1102.wav,0712_pipits_birds
1194,pipit2017fg_train_0312_0022_aug0712.wav,0312_pipits_birds
1195,cutted_day1_PC1109_0197_augpc1101.wav,PC1109_chiffchaffs_birds
1196,pipit2017fg_train_0212_0000_augpc1105.wav,0212_pipits_birds
1197,pipit2017fg_train_0212_0006_augf91959.wav,0212_pipits_birds
1198,pipit2017fg_train_0312_0004_augpc1108.wav,0312_pipits_birds
1199,littleowl2017fg_train_MNE_0006_augpc1110.wav,MNE_littleowls_birds
