,wavfilename,hierarchical_labels
0,flute_acoustic_013-090-050.wav,285_flute
1,flute_acoustic_013-108-127.wav,285_flute
2,flute_acoustic_022-098-050.wav,395_flute
3,guitar_acoustic_025-067-025.wav,508_guitar
4,flute_acoustic_029-089-075.wav,661_flute
5,flute_acoustic_029-063-025.wav,661_flute
6,flute_acoustic_013-097-025.wav,285_flute
7,keyboard_acoustic_017-096-075.wav,839_keyboard
8,flute_acoustic_013-071-025.wav,285_flute
9,flute_acoustic_013-099-025.wav,285_flute
10,flute_acoustic_029-071-050.wav,661_flute
11,guitar_acoustic_019-059-100.wav,413_guitar
12,flute_acoustic_029-086-050.wav,661_flute
13,flute_acoustic_029-083-075.wav,661_flute
14,flute_acoustic_022-076-100.wav,395_flute
15,keyboard_acoustic_019-058-075.wav,940_keyboard
16,flute_acoustic_029-081-075.wav,661_flute
17,flute_acoustic_029-068-025.wav,661_flute
18,flute_acoustic_022-092-050.wav,395_flute
19,guitar_acoustic_019-045-127.wav,413_guitar
20,flute_acoustic_029-094-050.wav,661_flute
21,flute_acoustic_029-093-127.wav,661_flute
22,flute_acoustic_022-089-025.wav,395_flute
23,guitar_acoustic_019-105-075.wav,413_guitar
24,flute_acoustic_022-069-127.wav,395_flute
25,flute_acoustic_022-102-050.wav,395_flute
26,flute_acoustic_013-083-075.wav,285_flute
27,guitar_acoustic_019-047-100.wav,413_guitar
28,flute_acoustic_029-063-050.wav,661_flute
29,flute_acoustic_029-084-025.wav,661_flute
30,flute_acoustic_022-102-075.wav,395_flute
31,keyboard_acoustic_019-095-127.wav,940_keyboard
32,flute_acoustic_029-049-075.wav,661_flute
33,flute_acoustic_029-060-025.wav,661_flute
34,flute_acoustic_022-085-050.wav,395_flute
35,keyboard_acoustic_017-036-127.wav,839_keyboard
36,flute_acoustic_022-094-100.wav,395_flute
37,flute_acoustic_022-087-100.wav,395_flute
38,flute_acoustic_029-080-075.wav,661_flute
39,keyboard_acoustic_017-031-025.wav,839_keyboard
40,flute_acoustic_022-106-025.wav,395_flute
41,flute_acoustic_022-103-025.wav,395_flute
42,flute_acoustic_029-085-050.wav,661_flute
43,keyboard_acoustic_017-050-050.wav,839_keyboard
44,flute_acoustic_013-083-100.wav,285_flute
45,flute_acoustic_013-106-025.wav,285_flute
46,flute_acoustic_029-084-050.wav,661_flute
47,guitar_acoustic_019-037-050.wav,413_guitar
48,flute_acoustic_013-073-075.wav,285_flute
49,flute_acoustic_013-098-025.wav,285_flute
50,flute_acoustic_029-064-025.wav,661_flute
51,guitar_acoustic_025-065-050.wav,508_guitar
52,flute_acoustic_013-081-025.wav,285_flute
53,flute_acoustic_013-069-050.wav,285_flute
54,flute_acoustic_022-101-127.wav,395_flute
55,keyboard_acoustic_019-050-050.wav,940_keyboard
56,flute_acoustic_022-088-075.wav,395_flute
57,flute_acoustic_022-083-100.wav,395_flute
58,flute_acoustic_013-070-100.wav,285_flute
59,keyboard_acoustic_019-036-075.wav,940_keyboard
60,flute_acoustic_013-091-100.wav,285_flute
61,flute_acoustic_013-079-127.wav,285_flute
62,flute_acoustic_022-106-050.wav,395_flute
63,guitar_acoustic_029-038-075.wav,569_guitar
64,flute_acoustic_029-051-100.wav,661_flute
65,flute_acoustic_029-080-025.wav,661_flute
66,flute_acoustic_013-078-100.wav,285_flute
67,guitar_acoustic_019-028-025.wav,413_guitar
68,flute_acoustic_022-107-050.wav,395_flute
69,flute_acoustic_022-097-127.wav,395_flute
70,flute_acoustic_013-079-100.wav,285_flute
71,guitar_acoustic_019-079-127.wav,413_guitar
72,flute_acoustic_029-085-025.wav,661_flute
73,flute_acoustic_029-065-100.wav,661_flute
74,flute_acoustic_022-083-025.wav,395_flute
75,guitar_acoustic_019-090-025.wav,413_guitar
76,flute_acoustic_013-088-075.wav,285_flute
77,flute_acoustic_013-102-127.wav,285_flute
78,flute_acoustic_022-097-100.wav,395_flute
79,keyboard_acoustic_017-060-100.wav,839_keyboard
80,flute_acoustic_022-082-025.wav,395_flute
81,flute_acoustic_022-105-075.wav,395_flute
82,flute_acoustic_029-086-075.wav,661_flute
83,keyboard_acoustic_017-075-050.wav,839_keyboard
84,flute_acoustic_013-101-100.wav,285_flute
85,flute_acoustic_013-075-127.wav,285_flute
86,flute_acoustic_022-092-025.wav,395_flute
87,guitar_acoustic_025-076-025.wav,508_guitar
88,flute_acoustic_013-077-127.wav,285_flute
89,flute_acoustic_013-069-127.wav,285_flute
90,flute_acoustic_022-075-025.wav,395_flute
91,keyboard_acoustic_019-039-075.wav,940_keyboard
92,flute_acoustic_022-086-100.wav,395_flute
93,flute_acoustic_022-096-050.wav,395_flute
94,flute_acoustic_029-074-050.wav,661_flute
95,keyboard_acoustic_017-108-100.wav,839_keyboard
96,flute_acoustic_013-093-050.wav,285_flute
97,flute_acoustic_013-082-100.wav,285_flute
98,flute_acoustic_022-076-050.wav,395_flute
99,guitar_acoustic_019-046-100.wav,413_guitar
100,flute_acoustic_022-090-127.wav,395_flute
101,flute_acoustic_022-091-050.wav,395_flute
102,flute_acoustic_013-067-100.wav,285_flute
103,guitar_acoustic_025-049-025.wav,508_guitar
104,flute_acoustic_029-092-075.wav,661_flute
105,flute_acoustic_029-064-075.wav,661_flute
106,flute_acoustic_013-098-050.wav,285_flute
107,keyboard_acoustic_019-032-025.wav,940_keyboard
108,flute_acoustic_029-064-050.wav,661_flute
109,flute_acoustic_029-061-100.wav,661_flute
110,flute_acoustic_013-088-100.wav,285_flute
111,guitar_acoustic_019-028-075.wav,413_guitar
112,flute_acoustic_029-065-127.wav,661_flute
113,flute_acoustic_029-092-100.wav,661_flute
114,flute_acoustic_013-097-127.wav,285_flute
115,guitar_acoustic_029-072-050.wav,569_guitar
116,flute_acoustic_022-078-075.wav,395_flute
117,flute_acoustic_022-085-100.wav,395_flute
118,flute_acoustic_029-071-127.wav,661_flute
119,keyboard_acoustic_019-032-075.wav,940_keyboard
120,flute_acoustic_029-056-025.wav,661_flute
121,flute_acoustic_029-077-100.wav,661_flute
122,flute_acoustic_022-101-075.wav,395_flute
123,keyboard_acoustic_019-090-025.wav,940_keyboard
124,flute_acoustic_029-061-127.wav,661_flute
125,flute_acoustic_029-072-127.wav,661_flute
126,flute_acoustic_022-081-050.wav,395_flute
127,guitar_acoustic_019-027-075.wav,413_guitar
128,flute_acoustic_029-088-075.wav,661_flute
129,flute_acoustic_029-057-100.wav,661_flute
130,flute_acoustic_022-078-127.wav,395_flute
131,guitar_acoustic_029-084-100.wav,569_guitar
132,flute_acoustic_022-080-100.wav,395_flute
133,flute_acoustic_022-085-025.wav,395_flute
134,flute_acoustic_013-108-100.wav,285_flute
135,keyboard_acoustic_019-072-075.wav,940_keyboard
136,flute_acoustic_022-090-075.wav,395_flute
137,flute_acoustic_022-082-127.wav,395_flute
138,flute_acoustic_029-069-100.wav,661_flute
139,keyboard_acoustic_017-079-050.wav,839_keyboard
140,flute_acoustic_029-075-127.wav,661_flute
141,flute_acoustic_029-091-100.wav,661_flute
142,flute_acoustic_013-073-025.wav,285_flute
143,guitar_acoustic_025-075-075.wav,508_guitar
144,flute_acoustic_013-099-100.wav,285_flute
145,flute_acoustic_013-094-127.wav,285_flute
146,flute_acoustic_029-054-075.wav,661_flute
147,guitar_acoustic_019-106-127.wav,413_guitar
148,flute_acoustic_022-098-025.wav,395_flute
149,flute_acoustic_022-103-050.wav,395_flute
150,flute_acoustic_013-081-127.wav,285_flute
151,keyboard_acoustic_017-051-127.wav,839_keyboard
152,flute_acoustic_013-068-025.wav,285_flute
153,flute_acoustic_013-100-050.wav,285_flute
154,flute_acoustic_022-082-050.wav,395_flute
155,keyboard_acoustic_017-043-075.wav,839_keyboard
156,flute_acoustic_029-076-127.wav,661_flute
157,flute_acoustic_029-079-050.wav,661_flute
158,flute_acoustic_013-073-100.wav,285_flute
159,keyboard_acoustic_020-021-127.wav,977_keyboard
160,flute_acoustic_022-088-100.wav,395_flute
161,flute_acoustic_022-067-100.wav,395_flute
162,flute_acoustic_013-096-100.wav,285_flute
163,keyboard_acoustic_017-093-100.wav,839_keyboard
164,flute_acoustic_029-081-100.wav,661_flute
165,flute_acoustic_029-062-075.wav,661_flute
166,flute_acoustic_013-079-050.wav,285_flute
167,guitar_acoustic_029-061-025.wav,569_guitar
168,flute_acoustic_022-072-100.wav,395_flute
169,flute_acoustic_022-108-050.wav,395_flute
170,flute_acoustic_013-102-075.wav,285_flute
171,guitar_acoustic_019-094-100.wav,413_guitar
172,flute_acoustic_029-079-127.wav,661_flute
173,flute_acoustic_029-089-127.wav,661_flute
174,flute_acoustic_013-102-100.wav,285_flute
175,keyboard_acoustic_020-064-127.wav,977_keyboard
176,flute_acoustic_029-089-025.wav,661_flute
177,flute_acoustic_029-087-075.wav,661_flute
178,flute_acoustic_013-087-025.wav,285_flute
179,keyboard_acoustic_017-082-127.wav,839_keyboard
180,flute_acoustic_029-059-075.wav,661_flute
181,flute_acoustic_029-049-100.wav,661_flute
182,flute_acoustic_022-081-025.wav,395_flute
183,guitar_acoustic_019-082-025.wav,413_guitar
184,flute_acoustic_022-094-025.wav,395_flute
185,flute_acoustic_022-070-075.wav,395_flute
186,flute_acoustic_013-095-025.wav,285_flute
187,guitar_acoustic_029-054-050.wav,569_guitar
188,flute_acoustic_013-101-050.wav,285_flute
189,flute_acoustic_013-095-127.wav,285_flute
190,flute_acoustic_022-094-050.wav,395_flute
191,keyboard_acoustic_017-032-127.wav,839_keyboard
192,flute_acoustic_022-082-075.wav,395_flute
193,flute_acoustic_022-099-100.wav,395_flute
194,flute_acoustic_013-082-127.wav,285_flute
195,keyboard_acoustic_019-059-025.wav,940_keyboard
196,flute_acoustic_013-106-050.wav,285_flute
197,flute_acoustic_013-074-050.wav,285_flute
198,flute_acoustic_022-069-025.wav,395_flute
199,guitar_acoustic_019-066-050.wav,413_guitar
200,flute_acoustic_029-070-127.wav,661_flute
201,flute_acoustic_029-095-100.wav,661_flute
202,flute_acoustic_013-077-025.wav,285_flute
203,guitar_acoustic_019-078-050.wav,413_guitar
204,flute_acoustic_013-089-100.wav,285_flute
205,flute_acoustic_013-104-025.wav,285_flute
206,flute_acoustic_022-070-025.wav,395_flute
207,guitar_acoustic_025-074-025.wav,508_guitar
208,flute_acoustic_029-064-100.wav,661_flute
209,flute_acoustic_029-082-025.wav,661_flute
210,flute_acoustic_022-093-127.wav,395_flute
211,guitar_acoustic_019-066-075.wav,413_guitar
212,flute_acoustic_013-084-075.wav,285_flute
213,flute_acoustic_013-089-127.wav,285_flute
214,flute_acoustic_029-072-100.wav,661_flute
215,guitar_acoustic_029-050-075.wav,569_guitar
216,flute_acoustic_029-067-075.wav,661_flute
217,flute_acoustic_029-096-127.wav,661_flute
218,flute_acoustic_022-089-050.wav,395_flute
219,guitar_acoustic_019-036-025.wav,413_guitar
220,flute_acoustic_013-071-050.wav,285_flute
221,flute_acoustic_013-080-127.wav,285_flute
222,flute_acoustic_022-100-100.wav,395_flute
223,guitar_acoustic_019-061-127.wav,413_guitar
224,flute_acoustic_022-091-100.wav,395_flute
225,flute_acoustic_022-092-075.wav,395_flute
226,flute_acoustic_013-087-075.wav,285_flute
227,guitar_acoustic_025-046-100.wav,508_guitar
228,flute_acoustic_013-096-127.wav,285_flute
229,flute_acoustic_013-083-050.wav,285_flute
230,flute_acoustic_022-080-025.wav,395_flute
231,guitar_acoustic_029-080-025.wav,569_guitar
232,flute_acoustic_022-077-075.wav,395_flute
233,flute_acoustic_022-088-025.wav,395_flute
234,flute_acoustic_029-091-050.wav,661_flute
235,keyboard_acoustic_017-068-100.wav,839_keyboard
236,flute_acoustic_022-089-100.wav,395_flute
237,flute_acoustic_022-078-025.wav,395_flute
238,flute_acoustic_013-076-025.wav,285_flute
239,keyboard_acoustic_017-080-127.wav,839_keyboard
240,flute_acoustic_022-099-075.wav,395_flute
241,flute_acoustic_022-100-127.wav,395_flute
242,flute_acoustic_013-095-075.wav,285_flute
243,guitar_acoustic_019-068-127.wav,413_guitar
244,flute_acoustic_013-086-100.wav,285_flute
245,flute_acoustic_013-070-127.wav,285_flute
246,flute_acoustic_022-101-025.wav,395_flute
247,guitar_acoustic_019-030-025.wav,413_guitar
248,flute_acoustic_022-082-100.wav,395_flute
249,flute_acoustic_022-096-100.wav,395_flute
250,flute_acoustic_029-057-050.wav,661_flute
251,keyboard_acoustic_017-106-100.wav,839_keyboard
252,flute_acoustic_022-085-075.wav,395_flute
253,flute_acoustic_022-069-100.wav,395_flute
254,flute_acoustic_029-048-127.wav,661_flute
255,keyboard_acoustic_017-056-075.wav,839_keyboard
256,flute_acoustic_013-081-050.wav,285_flute
257,flute_acoustic_013-067-050.wav,285_flute
258,flute_acoustic_029-062-100.wav,661_flute
259,keyboard_acoustic_019-040-127.wav,940_keyboard
260,flute_acoustic_022-091-075.wav,395_flute
261,flute_acoustic_022-069-075.wav,395_flute
262,flute_acoustic_013-082-025.wav,285_flute
263,keyboard_acoustic_017-053-050.wav,839_keyboard
264,flute_acoustic_022-071-025.wav,395_flute
265,flute_acoustic_022-080-127.wav,395_flute
266,flute_acoustic_029-096-075.wav,661_flute
267,keyboard_acoustic_017-068-050.wav,839_keyboard
268,flute_acoustic_022-074-025.wav,395_flute
269,flute_acoustic_022-104-050.wav,395_flute
270,flute_acoustic_013-077-050.wav,285_flute
271,keyboard_acoustic_017-044-127.wav,839_keyboard
272,flute_acoustic_029-094-100.wav,661_flute
273,flute_acoustic_029-050-050.wav,661_flute
274,flute_acoustic_022-077-127.wav,395_flute
275,keyboard_acoustic_017-097-127.wav,839_keyboard
276,flute_acoustic_013-105-050.wav,285_flute
277,flute_acoustic_013-079-025.wav,285_flute
278,flute_acoustic_022-073-050.wav,395_flute
279,guitar_acoustic_029-042-050.wav,569_guitar
280,flute_acoustic_029-072-050.wav,661_flute
281,flute_acoustic_029-058-127.wav,661_flute
282,flute_acoustic_022-095-050.wav,395_flute
283,keyboard_acoustic_017-025-050.wav,839_keyboard
284,flute_acoustic_022-079-075.wav,395_flute
285,flute_acoustic_022-108-127.wav,395_flute
286,flute_acoustic_013-094-075.wav,285_flute
287,guitar_acoustic_029-056-127.wav,569_guitar
288,flute_acoustic_029-049-050.wav,661_flute
289,flute_acoustic_029-093-075.wav,661_flute
290,flute_acoustic_013-078-127.wav,285_flute
291,keyboard_acoustic_017-045-050.wav,839_keyboard
292,flute_acoustic_029-086-025.wav,661_flute
293,flute_acoustic_029-055-127.wav,661_flute
294,flute_acoustic_022-108-075.wav,395_flute
295,guitar_acoustic_019-078-100.wav,413_guitar
296,flute_acoustic_013-084-100.wav,285_flute
297,flute_acoustic_013-095-050.wav,285_flute
298,flute_acoustic_029-067-050.wav,661_flute
299,keyboard_acoustic_017-083-025.wav,839_keyboard
300,flute_acoustic_029-090-025.wav,661_flute
301,flute_acoustic_029-058-075.wav,661_flute
302,flute_acoustic_013-090-025.wav,285_flute
303,keyboard_acoustic_019-095-025.wav,940_keyboard
304,flute_acoustic_022-087-127.wav,395_flute
305,flute_acoustic_022-097-050.wav,395_flute
306,flute_acoustic_029-076-075.wav,661_flute
307,keyboard_acoustic_017-071-100.wav,839_keyboard
308,flute_acoustic_013-090-075.wav,285_flute
309,flute_acoustic_013-107-100.wav,285_flute
310,flute_acoustic_029-095-075.wav,661_flute
311,keyboard_acoustic_019-098-127.wav,940_keyboard
312,flute_acoustic_029-083-050.wav,661_flute
313,flute_acoustic_029-074-127.wav,661_flute
314,flute_acoustic_022-090-100.wav,395_flute
315,keyboard_acoustic_019-041-050.wav,940_keyboard
316,flute_acoustic_022-083-050.wav,395_flute
317,flute_acoustic_022-068-100.wav,395_flute
318,flute_acoustic_013-090-100.wav,285_flute
319,guitar_acoustic_029-052-075.wav,569_guitar
320,flute_acoustic_022-075-075.wav,395_flute
321,flute_acoustic_022-095-075.wav,395_flute
322,flute_acoustic_029-070-100.wav,661_flute
323,guitar_acoustic_019-061-075.wav,413_guitar
324,flute_acoustic_029-056-050.wav,661_flute
325,flute_acoustic_029-088-127.wav,661_flute
326,flute_acoustic_022-093-100.wav,395_flute
327,guitar_acoustic_019-086-100.wav,413_guitar
328,flute_acoustic_022-083-127.wav,395_flute
329,flute_acoustic_022-067-025.wav,395_flute
330,flute_acoustic_013-073-127.wav,285_flute
331,keyboard_acoustic_019-055-025.wav,940_keyboard
332,flute_acoustic_013-103-050.wav,285_flute
333,flute_acoustic_013-078-050.wav,285_flute
334,flute_acoustic_022-096-075.wav,395_flute
335,guitar_acoustic_025-048-075.wav,508_guitar
336,flute_acoustic_013-104-127.wav,285_flute
337,flute_acoustic_013-088-025.wav,285_flute
338,flute_acoustic_029-058-100.wav,661_flute
339,guitar_acoustic_029-071-025.wav,569_guitar
340,flute_acoustic_022-107-025.wav,395_flute
341,flute_acoustic_022-103-075.wav,395_flute
342,flute_acoustic_029-068-050.wav,661_flute
343,guitar_acoustic_025-058-127.wav,508_guitar
344,flute_acoustic_029-048-100.wav,661_flute
345,flute_acoustic_029-087-050.wav,661_flute
346,flute_acoustic_022-093-025.wav,395_flute
347,keyboard_acoustic_017-100-127.wav,839_keyboard
348,flute_acoustic_013-098-100.wav,285_flute
349,flute_acoustic_013-077-075.wav,285_flute
350,flute_acoustic_022-075-127.wav,395_flute
351,keyboard_acoustic_017-083-100.wav,839_keyboard
352,flute_acoustic_022-096-025.wav,395_flute
353,flute_acoustic_022-092-100.wav,395_flute
354,flute_acoustic_029-055-050.wav,661_flute
355,keyboard_acoustic_017-038-100.wav,839_keyboard
356,flute_acoustic_029-055-100.wav,661_flute
357,flute_acoustic_029-060-127.wav,661_flute
358,flute_acoustic_022-068-025.wav,395_flute
359,keyboard_acoustic_019-064-075.wav,940_keyboard
360,flute_acoustic_013-068-050.wav,285_flute
361,flute_acoustic_013-075-100.wav,285_flute
362,flute_acoustic_022-087-025.wav,395_flute
363,guitar_acoustic_029-051-075.wav,569_guitar
364,flute_acoustic_029-088-050.wav,661_flute
365,flute_acoustic_029-090-075.wav,661_flute
366,flute_acoustic_013-090-127.wav,285_flute
367,guitar_acoustic_029-073-100.wav,569_guitar
368,flute_acoustic_029-082-050.wav,661_flute
369,flute_acoustic_029-057-127.wav,661_flute
370,flute_acoustic_022-098-075.wav,395_flute
371,keyboard_acoustic_020-069-127.wav,977_keyboard
372,flute_acoustic_013-106-075.wav,285_flute
373,flute_acoustic_013-099-050.wav,285_flute
374,flute_acoustic_029-078-050.wav,661_flute
375,keyboard_acoustic_020-045-127.wav,977_keyboard
376,flute_acoustic_029-090-050.wav,661_flute
377,flute_acoustic_029-054-025.wav,661_flute
378,flute_acoustic_022-095-127.wav,395_flute
379,guitar_acoustic_019-067-127.wav,413_guitar
380,flute_acoustic_029-094-127.wav,661_flute
381,flute_acoustic_029-082-100.wav,661_flute
382,flute_acoustic_022-107-075.wav,395_flute
383,guitar_acoustic_019-103-025.wav,413_guitar
384,flute_acoustic_013-068-100.wav,285_flute
385,flute_acoustic_013-102-050.wav,285_flute
386,flute_acoustic_029-060-075.wav,661_flute
387,keyboard_acoustic_019-031-127.wav,940_keyboard
388,flute_acoustic_022-095-025.wav,395_flute
389,flute_acoustic_022-104-127.wav,395_flute
390,flute_acoustic_013-071-100.wav,285_flute
391,keyboard_acoustic_019-047-100.wav,940_keyboard
392,flute_acoustic_022-105-100.wav,395_flute
393,flute_acoustic_022-071-100.wav,395_flute
394,flute_acoustic_029-072-075.wav,661_flute
395,keyboard_acoustic_017-092-127.wav,839_keyboard
396,flute_acoustic_013-093-075.wav,285_flute
397,flute_acoustic_013-085-050.wav,285_flute
398,flute_acoustic_029-051-025.wav,661_flute
399,guitar_acoustic_025-065-100.wav,508_guitar
400,guitar_acoustic_019-048-050.wav,413_guitar
401,guitar_acoustic_019-085-050.wav,413_guitar
402,guitar_acoustic_025-072-127.wav,508_guitar
403,keyboard_acoustic_019-084-127.wav,940_keyboard
404,guitar_acoustic_029-044-075.wav,569_guitar
405,guitar_acoustic_029-043-025.wav,569_guitar
406,guitar_acoustic_019-070-100.wav,413_guitar
407,keyboard_acoustic_020-047-127.wav,977_keyboard
408,guitar_acoustic_029-055-050.wav,569_guitar
409,guitar_acoustic_029-069-075.wav,569_guitar
410,guitar_acoustic_019-070-075.wav,413_guitar
411,flute_acoustic_029-073-127.wav,661_flute
412,guitar_acoustic_019-077-100.wav,413_guitar
413,guitar_acoustic_019-024-127.wav,413_guitar
414,guitar_acoustic_029-077-025.wav,569_guitar
415,keyboard_acoustic_019-065-127.wav,940_keyboard
416,guitar_acoustic_019-052-100.wav,413_guitar
417,guitar_acoustic_019-077-050.wav,413_guitar
418,guitar_acoustic_029-078-050.wav,569_guitar
419,keyboard_acoustic_019-042-025.wav,940_keyboard
420,guitar_acoustic_029-045-050.wav,569_guitar
421,guitar_acoustic_029-080-100.wav,569_guitar
422,guitar_acoustic_019-082-100.wav,413_guitar
423,keyboard_acoustic_019-108-127.wav,940_keyboard
424,guitar_acoustic_029-052-100.wav,569_guitar
425,guitar_acoustic_029-058-127.wav,569_guitar
426,guitar_acoustic_025-065-127.wav,508_guitar
427,keyboard_acoustic_019-108-050.wav,940_keyboard
428,guitar_acoustic_019-100-025.wav,413_guitar
429,guitar_acoustic_019-086-025.wav,413_guitar
430,guitar_acoustic_025-049-100.wav,508_guitar
431,keyboard_acoustic_019-046-075.wav,940_keyboard
432,guitar_acoustic_029-062-025.wav,569_guitar
433,guitar_acoustic_029-076-075.wav,569_guitar
434,guitar_acoustic_019-085-025.wav,413_guitar
435,flute_acoustic_029-053-100.wav,661_flute
436,guitar_acoustic_019-067-025.wav,413_guitar
437,guitar_acoustic_019-085-075.wav,413_guitar
438,guitar_acoustic_025-044-025.wav,508_guitar
439,flute_acoustic_029-055-075.wav,661_flute
440,guitar_acoustic_029-044-100.wav,569_guitar
441,guitar_acoustic_029-057-127.wav,569_guitar
442,guitar_acoustic_019-029-025.wav,413_guitar
443,keyboard_acoustic_020-031-127.wav,977_keyboard
444,guitar_acoustic_019-061-050.wav,413_guitar
445,guitar_acoustic_019-063-050.wav,413_guitar
446,guitar_acoustic_029-038-127.wav,569_guitar
447,keyboard_acoustic_019-028-025.wav,940_keyboard
448,guitar_acoustic_019-100-075.wav,413_guitar
449,guitar_acoustic_019-051-075.wav,413_guitar
450,guitar_acoustic_029-069-127.wav,569_guitar
451,flute_acoustic_013-076-050.wav,285_flute
452,guitar_acoustic_019-075-127.wav,413_guitar
453,guitar_acoustic_019-047-025.wav,413_guitar
454,guitar_acoustic_029-084-127.wav,569_guitar
455,flute_acoustic_029-087-100.wav,661_flute
456,guitar_acoustic_019-029-050.wav,413_guitar
457,guitar_acoustic_019-074-025.wav,413_guitar
458,guitar_acoustic_025-049-127.wav,508_guitar
459,keyboard_acoustic_019-021-100.wav,940_keyboard
460,guitar_acoustic_029-071-127.wav,569_guitar
461,guitar_acoustic_029-037-050.wav,569_guitar
462,guitar_acoustic_019-108-050.wav,413_guitar
463,keyboard_acoustic_019-093-075.wav,940_keyboard
464,guitar_acoustic_025-066-127.wav,508_guitar
465,guitar_acoustic_025-052-100.wav,508_guitar
466,guitar_acoustic_029-071-050.wav,569_guitar
467,keyboard_acoustic_017-030-075.wav,839_keyboard
468,guitar_acoustic_025-071-127.wav,508_guitar
469,guitar_acoustic_025-062-050.wav,508_guitar
470,guitar_acoustic_029-070-025.wav,569_guitar
471,keyboard_acoustic_017-053-100.wav,839_keyboard
472,guitar_acoustic_019-031-127.wav,413_guitar
473,guitar_acoustic_019-082-050.wav,413_guitar
474,guitar_acoustic_029-041-127.wav,569_guitar
475,keyboard_acoustic_019-107-025.wav,940_keyboard
476,guitar_acoustic_019-108-075.wav,413_guitar
477,guitar_acoustic_019-083-100.wav,413_guitar
478,guitar_acoustic_025-058-025.wav,508_guitar
479,keyboard_acoustic_019-064-025.wav,940_keyboard
480,guitar_acoustic_029-063-075.wav,569_guitar
481,guitar_acoustic_029-050-050.wav,569_guitar
482,guitar_acoustic_019-097-075.wav,413_guitar
483,keyboard_acoustic_017-048-025.wav,839_keyboard
484,guitar_acoustic_019-062-100.wav,413_guitar
485,guitar_acoustic_019-092-025.wav,413_guitar
486,guitar_acoustic_025-058-075.wav,508_guitar
487,flute_acoustic_029-056-100.wav,661_flute
488,guitar_acoustic_019-060-100.wav,413_guitar
489,guitar_acoustic_019-043-025.wav,413_guitar
490,guitar_acoustic_025-071-050.wav,508_guitar
491,keyboard_acoustic_019-054-075.wav,940_keyboard
492,guitar_acoustic_029-040-025.wav,569_guitar
493,guitar_acoustic_029-050-127.wav,569_guitar
494,guitar_acoustic_019-056-050.wav,413_guitar
495,flute_acoustic_029-048-025.wav,661_flute
496,guitar_acoustic_019-055-025.wav,413_guitar
497,guitar_acoustic_019-054-127.wav,413_guitar
498,guitar_acoustic_029-064-025.wav,569_guitar
499,keyboard_acoustic_019-077-127.wav,940_keyboard
500,guitar_acoustic_019-034-025.wav,413_guitar
501,guitar_acoustic_019-096-100.wav,413_guitar
502,guitar_acoustic_029-068-100.wav,569_guitar
503,keyboard_acoustic_017-085-025.wav,839_keyboard
504,guitar_acoustic_019-035-050.wav,413_guitar
505,guitar_acoustic_019-049-075.wav,413_guitar
506,guitar_acoustic_025-078-025.wav,508_guitar
507,flute_acoustic_013-102-025.wav,285_flute
508,guitar_acoustic_019-026-075.wav,413_guitar
509,guitar_acoustic_019-076-100.wav,413_guitar
510,guitar_acoustic_029-047-100.wav,569_guitar
511,flute_acoustic_029-091-127.wav,661_flute
512,guitar_acoustic_029-058-025.wav,569_guitar
513,guitar_acoustic_029-038-025.wav,569_guitar
514,guitar_acoustic_025-060-127.wav,508_guitar
515,keyboard_acoustic_017-039-075.wav,839_keyboard
516,guitar_acoustic_025-074-127.wav,508_guitar
517,guitar_acoustic_025-075-127.wav,508_guitar
518,guitar_acoustic_029-046-050.wav,569_guitar
519,keyboard_acoustic_019-043-075.wav,940_keyboard
520,guitar_acoustic_019-051-025.wav,413_guitar
521,guitar_acoustic_019-061-025.wav,413_guitar
522,guitar_acoustic_025-056-025.wav,508_guitar
523,flute_acoustic_029-078-127.wav,661_flute
524,guitar_acoustic_019-048-075.wav,413_guitar
525,guitar_acoustic_019-104-025.wav,413_guitar
526,guitar_acoustic_029-057-075.wav,569_guitar
527,keyboard_acoustic_017-045-127.wav,839_keyboard
528,guitar_acoustic_019-022-127.wav,413_guitar
529,guitar_acoustic_019-030-075.wav,413_guitar
530,guitar_acoustic_029-054-127.wav,569_guitar
531,keyboard_acoustic_017-055-075.wav,839_keyboard
532,guitar_acoustic_019-055-075.wav,413_guitar
533,guitar_acoustic_019-071-100.wav,413_guitar
534,guitar_acoustic_025-061-050.wav,508_guitar
535,flute_acoustic_029-092-050.wav,661_flute
536,guitar_acoustic_019-076-075.wav,413_guitar
537,guitar_acoustic_019-098-100.wav,413_guitar
538,guitar_acoustic_025-060-075.wav,508_guitar
539,keyboard_acoustic_017-108-050.wav,839_keyboard
540,guitar_acoustic_025-054-127.wav,508_guitar
541,guitar_acoustic_025-048-127.wav,508_guitar
542,guitar_acoustic_029-077-075.wav,569_guitar
543,flute_acoustic_022-093-075.wav,395_flute
544,guitar_acoustic_029-057-025.wav,569_guitar
545,guitar_acoustic_029-060-025.wav,569_guitar
546,guitar_acoustic_019-099-075.wav,413_guitar
547,keyboard_acoustic_019-026-050.wav,940_keyboard
548,guitar_acoustic_025-054-050.wav,508_guitar
549,guitar_acoustic_025-079-050.wav,508_guitar
550,guitar_acoustic_019-089-025.wav,413_guitar
551,keyboard_acoustic_017-033-100.wav,839_keyboard
552,guitar_acoustic_025-057-127.wav,508_guitar
553,guitar_acoustic_025-044-127.wav,508_guitar
554,guitar_acoustic_029-051-050.wav,569_guitar
555,keyboard_acoustic_019-063-100.wav,940_keyboard
556,guitar_acoustic_019-027-050.wav,413_guitar
557,guitar_acoustic_019-099-100.wav,413_guitar
558,guitar_acoustic_029-051-127.wav,569_guitar
559,keyboard_acoustic_017-104-025.wav,839_keyboard
560,guitar_acoustic_029-045-100.wav,569_guitar
561,guitar_acoustic_029-037-075.wav,569_guitar
562,guitar_acoustic_019-031-025.wav,413_guitar
563,flute_acoustic_029-087-025.wav,661_flute
564,guitar_acoustic_019-067-050.wav,413_guitar
565,guitar_acoustic_019-099-050.wav,413_guitar
566,guitar_acoustic_029-055-075.wav,569_guitar
567,keyboard_acoustic_019-060-100.wav,940_keyboard
568,guitar_acoustic_025-073-025.wav,508_guitar
569,guitar_acoustic_025-077-127.wav,508_guitar
570,guitar_acoustic_019-087-100.wav,413_guitar
571,keyboard_acoustic_019-087-100.wav,940_keyboard
572,guitar_acoustic_029-083-100.wav,569_guitar
573,guitar_acoustic_029-075-075.wav,569_guitar
574,guitar_acoustic_019-068-050.wav,413_guitar
575,keyboard_acoustic_020-040-127.wav,977_keyboard
576,guitar_acoustic_025-069-075.wav,508_guitar
577,guitar_acoustic_025-070-050.wav,508_guitar
578,guitar_acoustic_019-035-127.wav,413_guitar
579,keyboard_acoustic_017-078-050.wav,839_keyboard
580,guitar_acoustic_025-067-100.wav,508_guitar
581,guitar_acoustic_025-078-127.wav,508_guitar
582,guitar_acoustic_019-080-050.wav,413_guitar
583,keyboard_acoustic_019-049-100.wav,940_keyboard
584,guitar_acoustic_019-080-075.wav,413_guitar
585,guitar_acoustic_019-108-127.wav,413_guitar
586,guitar_acoustic_029-072-025.wav,569_guitar
587,keyboard_acoustic_017-089-050.wav,839_keyboard
588,guitar_acoustic_029-040-050.wav,569_guitar
589,guitar_acoustic_029-049-025.wav,569_guitar
590,guitar_acoustic_019-065-025.wav,413_guitar
591,flute_acoustic_029-087-127.wav,661_flute
592,guitar_acoustic_019-088-100.wav,413_guitar
593,guitar_acoustic_019-053-025.wav,413_guitar
594,guitar_acoustic_029-036-100.wav,569_guitar
595,keyboard_acoustic_017-056-127.wav,839_keyboard
596,guitar_acoustic_019-107-050.wav,413_guitar
597,guitar_acoustic_019-066-100.wav,413_guitar
598,guitar_acoustic_029-054-075.wav,569_guitar
599,keyboard_acoustic_019-062-127.wav,940_keyboard
600,guitar_acoustic_019-047-075.wav,413_guitar
601,guitar_acoustic_019-096-050.wav,413_guitar
602,guitar_acoustic_029-061-075.wav,569_guitar
603,flute_acoustic_022-086-050.wav,395_flute
604,guitar_acoustic_019-063-100.wav,413_guitar
605,guitar_acoustic_019-099-025.wav,413_guitar
606,guitar_acoustic_029-084-025.wav,569_guitar
607,keyboard_acoustic_017-094-025.wav,839_keyboard
608,guitar_acoustic_029-066-127.wav,569_guitar
609,guitar_acoustic_029-036-127.wav,569_guitar
610,guitar_acoustic_025-057-100.wav,508_guitar
611,keyboard_acoustic_019-028-075.wav,940_keyboard
612,guitar_acoustic_019-078-075.wav,413_guitar
613,guitar_acoustic_019-028-127.wav,413_guitar
614,guitar_acoustic_025-063-025.wav,508_guitar
615,keyboard_acoustic_019-050-100.wav,940_keyboard
616,guitar_acoustic_019-089-075.wav,413_guitar
617,guitar_acoustic_019-041-075.wav,413_guitar
618,guitar_acoustic_025-046-050.wav,508_guitar
619,keyboard_acoustic_017-080-050.wav,839_keyboard
620,guitar_acoustic_019-055-100.wav,413_guitar
621,guitar_acoustic_019-046-025.wav,413_guitar
622,guitar_acoustic_029-067-075.wav,569_guitar
623,keyboard_acoustic_017-101-127.wav,839_keyboard
624,guitar_acoustic_019-048-127.wav,413_guitar
625,guitar_acoustic_019-039-127.wav,413_guitar
626,guitar_acoustic_029-067-025.wav,569_guitar
627,keyboard_acoustic_019-052-050.wav,940_keyboard
628,guitar_acoustic_019-094-050.wav,413_guitar
629,guitar_acoustic_019-075-100.wav,413_guitar
630,guitar_acoustic_029-079-025.wav,569_guitar
631,keyboard_acoustic_019-045-100.wav,940_keyboard
632,guitar_acoustic_025-067-050.wav,508_guitar
633,guitar_acoustic_025-074-050.wav,508_guitar
634,guitar_acoustic_019-084-050.wav,413_guitar
635,keyboard_acoustic_019-100-075.wav,940_keyboard
636,guitar_acoustic_019-040-127.wav,413_guitar
637,guitar_acoustic_019-040-100.wav,413_guitar
638,guitar_acoustic_029-062-050.wav,569_guitar
639,keyboard_acoustic_019-055-075.wav,940_keyboard
640,guitar_acoustic_019-059-075.wav,413_guitar
641,guitar_acoustic_019-044-127.wav,413_guitar
642,guitar_acoustic_029-055-100.wav,569_guitar
643,keyboard_acoustic_019-059-127.wav,940_keyboard
644,guitar_acoustic_019-087-075.wav,413_guitar
645,guitar_acoustic_019-068-025.wav,413_guitar
646,guitar_acoustic_029-052-127.wav,569_guitar
647,keyboard_acoustic_017-096-127.wav,839_keyboard
648,guitar_acoustic_019-039-100.wav,413_guitar
649,guitar_acoustic_019-097-127.wav,413_guitar
650,guitar_acoustic_025-076-100.wav,508_guitar
651,flute_acoustic_013-082-075.wav,285_flute
652,guitar_acoustic_025-073-075.wav,508_guitar
653,guitar_acoustic_025-068-025.wav,508_guitar
654,guitar_acoustic_029-082-075.wav,569_guitar
655,flute_acoustic_013-092-050.wav,285_flute
656,guitar_acoustic_029-083-025.wav,569_guitar
657,guitar_acoustic_029-047-025.wav,569_guitar
658,guitar_acoustic_019-043-127.wav,413_guitar
659,keyboard_acoustic_019-024-127.wav,940_keyboard
660,guitar_acoustic_019-108-100.wav,413_guitar
661,guitar_acoustic_019-098-075.wav,413_guitar
662,guitar_acoustic_025-064-127.wav,508_guitar
663,flute_acoustic_013-081-100.wav,285_flute
664,guitar_acoustic_019-091-050.wav,413_guitar
665,guitar_acoustic_019-089-127.wav,413_guitar
666,guitar_acoustic_029-064-050.wav,569_guitar
667,keyboard_acoustic_019-041-100.wav,940_keyboard
668,guitar_acoustic_019-061-100.wav,413_guitar
669,guitar_acoustic_019-064-050.wav,413_guitar
670,guitar_acoustic_029-052-050.wav,569_guitar
671,keyboard_acoustic_017-059-127.wav,839_keyboard
672,guitar_acoustic_019-068-075.wav,413_guitar
673,guitar_acoustic_019-065-100.wav,413_guitar
674,guitar_acoustic_025-068-050.wav,508_guitar
675,flute_acoustic_013-088-050.wav,285_flute
676,guitar_acoustic_019-034-127.wav,413_guitar
677,guitar_acoustic_019-084-075.wav,413_guitar
678,guitar_acoustic_029-042-127.wav,569_guitar
679,flute_acoustic_022-068-050.wav,395_flute
680,guitar_acoustic_019-042-050.wav,413_guitar
681,guitar_acoustic_019-029-075.wav,413_guitar
682,guitar_acoustic_025-068-100.wav,508_guitar
683,flute_acoustic_029-059-100.wav,661_flute
684,guitar_acoustic_029-038-100.wav,569_guitar
685,guitar_acoustic_029-065-100.wav,569_guitar
686,guitar_acoustic_025-077-100.wav,508_guitar
687,keyboard_acoustic_017-102-050.wav,839_keyboard
688,guitar_acoustic_019-059-127.wav,413_guitar
689,guitar_acoustic_019-083-127.wav,413_guitar
690,guitar_acoustic_025-077-075.wav,508_guitar
691,keyboard_acoustic_017-028-127.wav,839_keyboard
692,guitar_acoustic_029-044-050.wav,569_guitar
693,guitar_acoustic_029-065-025.wav,569_guitar
694,guitar_acoustic_019-106-075.wav,413_guitar
695,flute_acoustic_013-105-025.wav,285_flute
696,guitar_acoustic_025-057-050.wav,508_guitar
697,guitar_acoustic_025-051-025.wav,508_guitar
698,guitar_acoustic_019-039-050.wav,413_guitar
699,keyboard_acoustic_019-043-127.wav,940_keyboard
700,guitar_acoustic_029-062-127.wav,569_guitar
701,guitar_acoustic_029-066-075.wav,569_guitar
702,guitar_acoustic_019-025-025.wav,413_guitar
703,keyboard_acoustic_020-091-127.wav,977_keyboard
704,guitar_acoustic_029-059-050.wav,569_guitar
705,guitar_acoustic_029-053-127.wav,569_guitar
706,guitar_acoustic_025-062-025.wav,508_guitar
707,keyboard_acoustic_017-071-127.wav,839_keyboard
708,guitar_acoustic_025-048-025.wav,508_guitar
709,guitar_acoustic_025-066-025.wav,508_guitar
710,guitar_acoustic_029-070-127.wav,569_guitar
711,keyboard_acoustic_019-041-025.wav,940_keyboard
712,guitar_acoustic_019-023-127.wav,413_guitar
713,guitar_acoustic_019-034-075.wav,413_guitar
714,guitar_acoustic_029-058-100.wav,569_guitar
715,flute_acoustic_022-099-127.wav,395_flute
716,guitar_acoustic_019-095-127.wav,413_guitar
717,guitar_acoustic_019-062-025.wav,413_guitar
718,guitar_acoustic_029-053-025.wav,569_guitar
719,flute_acoustic_022-084-050.wav,395_flute
720,guitar_acoustic_029-037-100.wav,569_guitar
721,guitar_acoustic_029-080-075.wav,569_guitar
722,guitar_acoustic_019-081-025.wav,413_guitar
723,keyboard_acoustic_019-070-075.wav,940_keyboard
724,guitar_acoustic_019-050-025.wav,413_guitar
725,guitar_acoustic_019-050-075.wav,413_guitar
726,guitar_acoustic_025-069-025.wav,508_guitar
727,flute_acoustic_022-097-025.wav,395_flute
728,guitar_acoustic_025-055-075.wav,508_guitar
729,guitar_acoustic_025-058-100.wav,508_guitar
730,guitar_acoustic_029-037-127.wav,569_guitar
731,keyboard_acoustic_017-090-100.wav,839_keyboard
732,guitar_acoustic_019-062-127.wav,413_guitar
733,guitar_acoustic_019-098-127.wav,413_guitar
734,guitar_acoustic_025-062-127.wav,508_guitar
735,keyboard_acoustic_017-083-075.wav,839_keyboard
736,guitar_acoustic_019-035-100.wav,413_guitar
737,guitar_acoustic_019-076-025.wav,413_guitar
738,guitar_acoustic_025-076-050.wav,508_guitar
739,keyboard_acoustic_019-096-100.wav,940_keyboard
740,guitar_acoustic_019-058-075.wav,413_guitar
741,guitar_acoustic_019-047-050.wav,413_guitar
742,guitar_acoustic_029-081-100.wav,569_guitar
743,keyboard_acoustic_019-037-050.wav,940_keyboard
744,guitar_acoustic_019-057-050.wav,413_guitar
745,guitar_acoustic_019-062-075.wav,413_guitar
746,guitar_acoustic_029-066-100.wav,569_guitar
747,keyboard_acoustic_017-074-025.wav,839_keyboard
748,guitar_acoustic_025-046-075.wav,508_guitar
749,guitar_acoustic_025-068-127.wav,508_guitar
750,guitar_acoustic_019-041-050.wav,413_guitar
751,flute_acoustic_029-096-100.wav,661_flute
752,guitar_acoustic_019-045-075.wav,413_guitar
753,guitar_acoustic_019-077-025.wav,413_guitar
754,guitar_acoustic_029-072-100.wav,569_guitar
755,flute_acoustic_013-107-075.wav,285_flute
756,guitar_acoustic_019-022-075.wav,413_guitar
757,guitar_acoustic_019-098-050.wav,413_guitar
758,guitar_acoustic_029-044-025.wav,569_guitar
759,flute_acoustic_013-075-025.wav,285_flute
760,guitar_acoustic_029-082-025.wav,569_guitar
761,guitar_acoustic_029-048-025.wav,569_guitar
762,guitar_acoustic_025-061-127.wav,508_guitar
763,keyboard_acoustic_020-105-127.wav,977_keyboard
764,guitar_acoustic_019-032-075.wav,413_guitar
765,guitar_acoustic_019-086-075.wav,413_guitar
766,guitar_acoustic_029-060-050.wav,569_guitar
767,keyboard_acoustic_017-059-050.wav,839_keyboard
768,guitar_acoustic_019-092-075.wav,413_guitar
769,guitar_acoustic_019-027-100.wav,413_guitar
770,guitar_acoustic_025-055-050.wav,508_guitar
771,keyboard_acoustic_019-036-127.wav,940_keyboard
772,guitar_acoustic_019-044-025.wav,413_guitar
773,guitar_acoustic_019-040-050.wav,413_guitar
774,guitar_acoustic_025-065-025.wav,508_guitar
775,keyboard_acoustic_017-107-075.wav,839_keyboard
776,guitar_acoustic_029-078-075.wav,569_guitar
777,guitar_acoustic_029-049-100.wav,569_guitar
778,guitar_acoustic_019-077-075.wav,413_guitar
779,keyboard_acoustic_019-041-075.wav,940_keyboard
780,guitar_acoustic_019-045-025.wav,413_guitar
781,guitar_acoustic_019-031-050.wav,413_guitar
782,guitar_acoustic_025-052-050.wav,508_guitar
783,keyboard_acoustic_019-034-050.wav,940_keyboard
784,guitar_acoustic_029-047-050.wav,569_guitar
785,guitar_acoustic_029-050-025.wav,569_guitar
786,guitar_acoustic_019-025-100.wav,413_guitar
787,keyboard_acoustic_019-106-127.wav,940_keyboard
788,guitar_acoustic_025-078-075.wav,508_guitar
789,guitar_acoustic_025-054-100.wav,508_guitar
790,guitar_acoustic_019-052-025.wav,413_guitar
791,flute_acoustic_013-103-100.wav,285_flute
792,guitar_acoustic_029-072-127.wav,569_guitar
793,guitar_acoustic_029-076-100.wav,569_guitar
794,guitar_acoustic_019-026-127.wav,413_guitar
795,keyboard_acoustic_019-083-100.wav,940_keyboard
796,guitar_acoustic_025-066-075.wav,508_guitar
797,guitar_acoustic_025-073-050.wav,508_guitar
798,guitar_acoustic_029-060-127.wav,569_guitar
799,flute_acoustic_029-067-025.wav,661_flute
800,keyboard_acoustic_017-088-075.wav,839_keyboard
801,keyboard_acoustic_017-064-100.wav,839_keyboard
802,keyboard_acoustic_019-094-127.wav,940_keyboard
803,guitar_acoustic_019-102-100.wav,413_guitar
804,keyboard_acoustic_017-049-127.wav,839_keyboard
805,keyboard_acoustic_017-041-075.wav,839_keyboard
806,keyboard_acoustic_020-086-127.wav,977_keyboard
807,flute_acoustic_013-069-075.wav,285_flute
808,keyboard_acoustic_019-100-050.wav,940_keyboard
809,keyboard_acoustic_019-077-050.wav,940_keyboard
810,keyboard_acoustic_017-049-075.wav,839_keyboard
811,guitar_acoustic_029-079-100.wav,569_guitar
812,keyboard_acoustic_019-061-075.wav,940_keyboard
813,keyboard_acoustic_019-060-025.wav,940_keyboard
814,keyboard_acoustic_020-101-127.wav,977_keyboard
815,flute_acoustic_013-081-075.wav,285_flute
816,keyboard_acoustic_019-104-127.wav,940_keyboard
817,keyboard_acoustic_019-096-075.wav,940_keyboard
818,keyboard_acoustic_017-069-025.wav,839_keyboard
819,flute_acoustic_013-091-050.wav,285_flute
820,keyboard_acoustic_017-076-127.wav,839_keyboard
821,keyboard_acoustic_017-089-100.wav,839_keyboard
822,keyboard_acoustic_019-087-050.wav,940_keyboard
823,guitar_acoustic_025-050-075.wav,508_guitar
824,keyboard_acoustic_017-059-075.wav,839_keyboard
825,keyboard_acoustic_017-044-100.wav,839_keyboard
826,keyboard_acoustic_019-051-127.wav,940_keyboard
827,guitar_acoustic_019-081-100.wav,413_guitar
828,keyboard_acoustic_017-099-100.wav,839_keyboard
829,keyboard_acoustic_017-035-025.wav,839_keyboard
830,keyboard_acoustic_019-038-025.wav,940_keyboard
831,guitar_acoustic_019-033-050.wav,413_guitar
832,keyboard_acoustic_017-074-127.wav,839_keyboard
833,keyboard_acoustic_017-106-050.wav,839_keyboard
834,keyboard_acoustic_020-036-127.wav,977_keyboard
835,flute_acoustic_022-085-127.wav,395_flute
836,keyboard_acoustic_019-034-127.wav,940_keyboard
837,keyboard_acoustic_019-051-100.wav,940_keyboard
838,keyboard_acoustic_017-101-025.wav,839_keyboard
839,guitar_acoustic_019-042-025.wav,413_guitar
840,keyboard_acoustic_017-039-100.wav,839_keyboard
841,keyboard_acoustic_017-030-025.wav,839_keyboard
842,keyboard_acoustic_020-092-127.wav,977_keyboard
843,guitar_acoustic_025-064-075.wav,508_guitar
844,keyboard_acoustic_019-106-025.wav,940_keyboard
845,keyboard_acoustic_019-050-075.wav,940_keyboard
846,keyboard_acoustic_017-108-025.wav,839_keyboard
847,guitar_acoustic_025-065-075.wav,508_guitar
848,keyboard_acoustic_017-058-025.wav,839_keyboard
849,keyboard_acoustic_017-035-100.wav,839_keyboard
850,keyboard_acoustic_019-099-025.wav,940_keyboard
851,guitar_acoustic_025-044-050.wav,508_guitar
852,keyboard_acoustic_017-081-100.wav,839_keyboard
853,keyboard_acoustic_017-023-127.wav,839_keyboard
854,keyboard_acoustic_019-101-100.wav,940_keyboard
855,flute_acoustic_029-063-100.wav,661_flute
856,keyboard_acoustic_019-106-100.wav,940_keyboard
857,keyboard_acoustic_019-034-075.wav,940_keyboard
858,keyboard_acoustic_017-038-025.wav,839_keyboard
859,flute_acoustic_022-106-100.wav,395_flute
860,keyboard_acoustic_017-063-075.wav,839_keyboard
861,keyboard_acoustic_017-104-100.wav,839_keyboard
862,keyboard_acoustic_019-084-050.wav,940_keyboard
863,guitar_acoustic_029-048-127.wav,569_guitar
864,keyboard_acoustic_017-076-075.wav,839_keyboard
865,keyboard_acoustic_017-107-127.wav,839_keyboard
866,keyboard_acoustic_019-040-050.wav,940_keyboard
867,guitar_acoustic_025-077-050.wav,508_guitar
868,keyboard_acoustic_019-075-100.wav,940_keyboard
869,keyboard_acoustic_019-094-075.wav,940_keyboard
870,keyboard_acoustic_017-029-100.wav,839_keyboard
871,guitar_acoustic_019-024-025.wav,413_guitar
872,keyboard_acoustic_019-087-025.wav,940_keyboard
873,keyboard_acoustic_019-077-025.wav,940_keyboard
874,keyboard_acoustic_017-102-025.wav,839_keyboard
875,guitar_acoustic_029-065-075.wav,569_guitar
876,keyboard_acoustic_019-042-100.wav,940_keyboard
877,keyboard_acoustic_019-055-050.wav,940_keyboard
878,keyboard_acoustic_017-065-025.wav,839_keyboard
879,guitar_acoustic_029-061-127.wav,569_guitar
880,keyboard_acoustic_019-035-075.wav,940_keyboard
881,keyboard_acoustic_019-023-127.wav,940_keyboard
882,keyboard_acoustic_017-076-100.wav,839_keyboard
883,flute_acoustic_022-101-050.wav,395_flute
884,keyboard_acoustic_017-100-075.wav,839_keyboard
885,keyboard_acoustic_017-048-050.wav,839_keyboard
886,keyboard_acoustic_019-085-075.wav,940_keyboard
887,guitar_acoustic_029-076-025.wav,569_guitar
888,keyboard_acoustic_020-050-127.wav,977_keyboard
889,keyboard_acoustic_020-048-127.wav,977_keyboard
890,keyboard_acoustic_017-068-075.wav,839_keyboard
891,flute_acoustic_013-097-100.wav,285_flute
892,keyboard_acoustic_017-066-127.wav,839_keyboard
893,keyboard_acoustic_017-060-075.wav,839_keyboard
894,keyboard_acoustic_019-102-025.wav,940_keyboard
895,guitar_acoustic_019-030-050.wav,413_guitar
896,keyboard_acoustic_019-071-050.wav,940_keyboard
897,keyboard_acoustic_019-067-127.wav,940_keyboard
898,keyboard_acoustic_020-087-127.wav,977_keyboard
899,guitar_acoustic_029-049-127.wav,569_guitar
900,keyboard_acoustic_017-067-127.wav,839_keyboard
901,keyboard_acoustic_017-052-127.wav,839_keyboard
902,keyboard_acoustic_019-075-050.wav,940_keyboard
903,flute_acoustic_029-071-025.wav,661_flute
904,keyboard_acoustic_019-056-100.wav,940_keyboard
905,keyboard_acoustic_019-074-100.wav,940_keyboard
906,keyboard_acoustic_017-046-075.wav,839_keyboard
907,guitar_acoustic_019-105-025.wav,413_guitar
908,keyboard_acoustic_020-085-127.wav,977_keyboard
909,keyboard_acoustic_020-081-127.wav,977_keyboard
910,keyboard_acoustic_019-049-127.wav,940_keyboard
911,flute_acoustic_022-074-075.wav,395_flute
912,keyboard_acoustic_017-084-075.wav,839_keyboard
913,keyboard_acoustic_017-036-075.wav,839_keyboard
914,keyboard_acoustic_019-048-050.wav,940_keyboard
915,flute_acoustic_013-091-075.wav,285_flute
916,keyboard_acoustic_017-063-100.wav,839_keyboard
917,keyboard_acoustic_017-055-127.wav,839_keyboard
918,keyboard_acoustic_019-022-075.wav,940_keyboard
919,flute_acoustic_029-050-025.wav,661_flute
920,keyboard_acoustic_017-059-025.wav,839_keyboard
921,keyboard_acoustic_017-079-025.wav,839_keyboard
922,keyboard_acoustic_020-055-127.wav,977_keyboard
923,guitar_acoustic_019-072-050.wav,413_guitar
924,keyboard_acoustic_017-105-075.wav,839_keyboard
925,keyboard_acoustic_017-042-050.wav,839_keyboard
926,keyboard_acoustic_019-094-100.wav,940_keyboard
927,flute_acoustic_029-062-127.wav,661_flute
928,keyboard_acoustic_019-021-075.wav,940_keyboard
929,keyboard_acoustic_019-087-075.wav,940_keyboard
930,keyboard_acoustic_017-067-050.wav,839_keyboard
931,guitar_acoustic_029-082-100.wav,569_guitar
932,keyboard_acoustic_019-022-127.wav,940_keyboard
933,keyboard_acoustic_019-022-100.wav,940_keyboard
934,keyboard_acoustic_017-021-025.wav,839_keyboard
935,guitar_acoustic_019-100-050.wav,413_guitar
936,keyboard_acoustic_017-034-100.wav,839_keyboard
937,keyboard_acoustic_017-057-050.wav,839_keyboard
938,keyboard_acoustic_019-065-075.wav,940_keyboard
939,guitar_acoustic_019-104-100.wav,413_guitar
940,keyboard_acoustic_017-036-050.wav,839_keyboard
941,keyboard_acoustic_017-065-075.wav,839_keyboard
942,keyboard_acoustic_019-025-025.wav,940_keyboard
943,guitar_acoustic_025-049-050.wav,508_guitar
944,keyboard_acoustic_019-092-100.wav,940_keyboard
945,keyboard_acoustic_019-065-025.wav,940_keyboard
946,keyboard_acoustic_017-089-075.wav,839_keyboard
947,flute_acoustic_029-052-025.wav,661_flute
948,keyboard_acoustic_019-058-127.wav,940_keyboard
949,keyboard_acoustic_019-073-075.wav,940_keyboard
950,keyboard_acoustic_017-089-025.wav,839_keyboard
951,guitar_acoustic_025-050-050.wav,508_guitar
952,keyboard_acoustic_020-049-127.wav,977_keyboard
953,keyboard_acoustic_020-028-127.wav,977_keyboard
954,keyboard_acoustic_019-093-025.wav,940_keyboard
955,flute_acoustic_029-075-050.wav,661_flute
956,keyboard_acoustic_019-033-050.wav,940_keyboard
957,keyboard_acoustic_019-054-025.wav,940_keyboard
958,keyboard_acoustic_017-101-100.wav,839_keyboard
959,flute_acoustic_022-080-075.wav,395_flute
960,keyboard_acoustic_019-074-075.wav,940_keyboard
961,keyboard_acoustic_019-037-127.wav,940_keyboard
962,keyboard_acoustic_017-037-025.wav,839_keyboard
963,flute_acoustic_013-074-025.wav,285_flute
964,keyboard_acoustic_017-090-050.wav,839_keyboard
965,keyboard_acoustic_017-055-100.wav,839_keyboard
966,keyboard_acoustic_020-108-127.wav,977_keyboard
967,guitar_acoustic_029-081-050.wav,569_guitar
968,keyboard_acoustic_017-077-050.wav,839_keyboard
969,keyboard_acoustic_017-070-025.wav,839_keyboard
970,keyboard_acoustic_019-053-100.wav,940_keyboard
971,flute_acoustic_029-061-025.wav,661_flute
972,keyboard_acoustic_017-068-127.wav,839_keyboard
973,keyboard_acoustic_017-060-127.wav,839_keyboard
974,keyboard_acoustic_019-105-075.wav,940_keyboard
975,guitar_acoustic_019-060-127.wav,413_guitar
976,keyboard_acoustic_017-086-100.wav,839_keyboard
977,keyboard_acoustic_017-084-127.wav,839_keyboard
978,keyboard_acoustic_020-033-127.wav,977_keyboard
979,guitar_acoustic_019-038-050.wav,413_guitar
980,keyboard_acoustic_017-023-050.wav,839_keyboard
981,keyboard_acoustic_017-065-050.wav,839_keyboard
982,keyboard_acoustic_019-057-075.wav,940_keyboard
983,flute_acoustic_013-104-100.wav,285_flute
984,keyboard_acoustic_017-107-025.wav,839_keyboard
985,keyboard_acoustic_017-055-025.wav,839_keyboard
986,keyboard_acoustic_019-029-100.wav,940_keyboard
987,flute_acoustic_029-070-025.wav,661_flute
988,keyboard_acoustic_019-091-050.wav,940_keyboard
989,keyboard_acoustic_019-107-100.wav,940_keyboard
990,keyboard_acoustic_020-030-127.wav,977_keyboard
991,guitar_acoustic_019-101-050.wav,413_guitar
992,keyboard_acoustic_017-094-075.wav,839_keyboard
993,keyboard_acoustic_017-082-100.wav,839_keyboard
994,keyboard_acoustic_019-039-050.wav,940_keyboard
995,guitar_acoustic_019-066-127.wav,413_guitar
996,keyboard_acoustic_019-062-100.wav,940_keyboard
997,keyboard_acoustic_019-100-127.wav,940_keyboard
998,keyboard_acoustic_020-082-127.wav,977_keyboard
999,guitar_acoustic_019-066-025.wav,413_guitar
1000,keyboard_acoustic_019-035-050.wav,940_keyboard
1001,keyboard_acoustic_019-098-075.wav,940_keyboard
1002,keyboard_acoustic_017-033-075.wav,839_keyboard
1003,guitar_acoustic_019-073-050.wav,413_guitar
1004,keyboard_acoustic_019-091-127.wav,940_keyboard
1005,keyboard_acoustic_019-053-075.wav,940_keyboard
1006,keyboard_acoustic_017-036-025.wav,839_keyboard
1007,flute_acoustic_022-067-050.wav,395_flute
1008,keyboard_acoustic_019-099-050.wav,940_keyboard
1009,keyboard_acoustic_019-053-127.wav,940_keyboard
1010,keyboard_acoustic_017-073-075.wav,839_keyboard
1011,flute_acoustic_029-053-127.wav,661_flute
1012,keyboard_acoustic_017-031-100.wav,839_keyboard
1013,keyboard_acoustic_017-026-050.wav,839_keyboard
1014,keyboard_acoustic_020-094-127.wav,977_keyboard
1015,flute_acoustic_013-070-050.wav,285_flute
1016,keyboard_acoustic_019-058-025.wav,940_keyboard
1017,keyboard_acoustic_019-066-075.wav,940_keyboard
1018,keyboard_acoustic_017-040-025.wav,839_keyboard
1019,flute_acoustic_013-101-127.wav,285_flute
1020,keyboard_acoustic_017-104-075.wav,839_keyboard
1021,keyboard_acoustic_017-092-100.wav,839_keyboard
1022,keyboard_acoustic_019-050-127.wav,940_keyboard
1023,flute_acoustic_022-069-050.wav,395_flute
1024,keyboard_acoustic_017-043-100.wav,839_keyboard
1025,keyboard_acoustic_017-025-075.wav,839_keyboard
1026,keyboard_acoustic_020-088-127.wav,977_keyboard
1027,guitar_acoustic_025-053-075.wav,508_guitar
1028,keyboard_acoustic_017-070-127.wav,839_keyboard
1029,keyboard_acoustic_017-032-025.wav,839_keyboard
1030,keyboard_acoustic_019-083-025.wav,940_keyboard
1031,flute_acoustic_022-105-127.wav,395_flute
1032,keyboard_acoustic_020-035-127.wav,977_keyboard
1033,keyboard_acoustic_020-083-127.wav,977_keyboard
1034,keyboard_acoustic_017-040-050.wav,839_keyboard
1035,guitar_acoustic_029-080-127.wav,569_guitar
1036,keyboard_acoustic_019-066-127.wav,940_keyboard
1037,keyboard_acoustic_019-024-100.wav,940_keyboard
1038,keyboard_acoustic_017-038-127.wav,839_keyboard
1039,flute_acoustic_022-084-075.wav,395_flute
1040,keyboard_acoustic_017-072-075.wav,839_keyboard
1041,keyboard_acoustic_017-061-127.wav,839_keyboard
1042,keyboard_acoustic_019-086-127.wav,940_keyboard
1043,guitar_acoustic_019-083-050.wav,413_guitar
1044,keyboard_acoustic_019-084-025.wav,940_keyboard
1045,keyboard_acoustic_019-078-025.wav,940_keyboard
1046,keyboard_acoustic_017-081-127.wav,839_keyboard
1047,guitar_acoustic_025-042-127.wav,508_guitar
1048,keyboard_acoustic_017-095-127.wav,839_keyboard
1049,keyboard_acoustic_017-075-127.wav,839_keyboard
1050,keyboard_acoustic_019-058-050.wav,940_keyboard
1051,flute_acoustic_022-074-100.wav,395_flute
1052,keyboard_acoustic_019-097-100.wav,940_keyboard
1053,keyboard_acoustic_019-094-025.wav,940_keyboard
1054,keyboard_acoustic_017-108-075.wav,839_keyboard
1055,guitar_acoustic_019-105-127.wav,413_guitar
1056,keyboard_acoustic_020-027-127.wav,977_keyboard
1057,keyboard_acoustic_020-098-127.wav,977_keyboard
1058,keyboard_acoustic_017-103-100.wav,839_keyboard
1059,guitar_acoustic_019-075-050.wav,413_guitar
1060,keyboard_acoustic_017-049-100.wav,839_keyboard
1061,keyboard_acoustic_017-046-050.wav,839_keyboard
1062,keyboard_acoustic_019-023-025.wav,940_keyboard
1063,flute_acoustic_022-077-100.wav,395_flute
1064,keyboard_acoustic_019-071-127.wav,940_keyboard
1065,keyboard_acoustic_019-078-127.wav,940_keyboard
1066,keyboard_acoustic_017-040-100.wav,839_keyboard
1067,flute_acoustic_022-099-025.wav,395_flute
1068,keyboard_acoustic_017-087-050.wav,839_keyboard
1069,keyboard_acoustic_017-062-075.wav,839_keyboard
1070,keyboard_acoustic_019-053-050.wav,940_keyboard
1071,guitar_acoustic_019-035-075.wav,413_guitar
1072,keyboard_acoustic_017-032-050.wav,839_keyboard
1073,keyboard_acoustic_017-042-100.wav,839_keyboard
1074,keyboard_acoustic_019-084-100.wav,940_keyboard
1075,guitar_acoustic_025-053-050.wav,508_guitar
1076,keyboard_acoustic_019-092-025.wav,940_keyboard
1077,keyboard_acoustic_019-101-050.wav,940_keyboard
1078,keyboard_acoustic_017-045-075.wav,839_keyboard
1079,guitar_acoustic_029-044-127.wav,569_guitar
1080,keyboard_acoustic_017-070-050.wav,839_keyboard
1081,keyboard_acoustic_017-107-050.wav,839_keyboard
1082,keyboard_acoustic_019-106-050.wav,940_keyboard
1083,flute_acoustic_013-105-075.wav,285_flute
1084,keyboard_acoustic_019-101-075.wav,940_keyboard
1085,keyboard_acoustic_019-084-075.wav,940_keyboard
1086,keyboard_acoustic_017-044-025.wav,839_keyboard
1087,guitar_acoustic_019-021-075.wav,413_guitar
1088,keyboard_acoustic_019-103-100.wav,940_keyboard
1089,keyboard_acoustic_019-051-075.wav,940_keyboard
1090,keyboard_acoustic_017-079-075.wav,839_keyboard
1091,guitar_acoustic_019-025-075.wav,413_guitar
1092,keyboard_acoustic_017-033-050.wav,839_keyboard
1093,keyboard_acoustic_017-054-075.wav,839_keyboard
1094,keyboard_acoustic_019-072-025.wav,940_keyboard
1095,flute_acoustic_029-053-025.wav,661_flute
1096,keyboard_acoustic_017-024-100.wav,839_keyboard
1097,keyboard_acoustic_017-106-127.wav,839_keyboard
1098,keyboard_acoustic_019-060-127.wav,940_keyboard
1099,guitar_acoustic_019-029-100.wav,413_guitar
1100,keyboard_acoustic_019-091-025.wav,940_keyboard
1101,keyboard_acoustic_019-049-050.wav,940_keyboard
1102,keyboard_acoustic_020-029-127.wav,977_keyboard
1103,flute_acoustic_013-084-025.wav,285_flute
1104,keyboard_acoustic_019-023-100.wav,940_keyboard
1105,keyboard_acoustic_019-030-075.wav,940_keyboard
1106,keyboard_acoustic_020-102-127.wav,977_keyboard
1107,guitar_acoustic_029-064-075.wav,569_guitar
1108,keyboard_acoustic_019-031-025.wav,940_keyboard
1109,keyboard_acoustic_019-083-127.wav,940_keyboard
1110,keyboard_acoustic_020-059-127.wav,977_keyboard
1111,flute_acoustic_022-108-100.wav,395_flute
1112,keyboard_acoustic_017-084-100.wav,839_keyboard
1113,keyboard_acoustic_017-096-100.wav,839_keyboard
1114,keyboard_acoustic_020-076-127.wav,977_keyboard
1115,guitar_acoustic_019-071-050.wav,413_guitar
1116,keyboard_acoustic_019-098-050.wav,940_keyboard
1117,keyboard_acoustic_019-061-050.wav,940_keyboard
1118,keyboard_acoustic_020-053-127.wav,977_keyboard
1119,flute_acoustic_029-085-127.wav,661_flute
1120,keyboard_acoustic_017-040-127.wav,839_keyboard
1121,keyboard_acoustic_017-078-127.wav,839_keyboard
1122,keyboard_acoustic_019-071-025.wav,940_keyboard
1123,guitar_acoustic_019-054-075.wav,413_guitar
1124,keyboard_acoustic_019-033-075.wav,940_keyboard
1125,keyboard_acoustic_019-027-075.wav,940_keyboard
1126,keyboard_acoustic_017-097-100.wav,839_keyboard
1127,guitar_acoustic_025-079-127.wav,508_guitar
1128,keyboard_acoustic_019-043-050.wav,940_keyboard
1129,keyboard_acoustic_019-098-025.wav,940_keyboard
1130,keyboard_acoustic_017-103-075.wav,839_keyboard
1131,flute_acoustic_013-105-127.wav,285_flute
1132,keyboard_acoustic_019-046-100.wav,940_keyboard
1133,keyboard_acoustic_019-107-050.wav,940_keyboard
1134,keyboard_acoustic_017-024-050.wav,839_keyboard
1135,guitar_acoustic_019-036-075.wav,413_guitar
1136,keyboard_acoustic_019-021-050.wav,940_keyboard
1137,keyboard_acoustic_019-056-127.wav,940_keyboard
1138,keyboard_acoustic_017-077-100.wav,839_keyboard
1139,guitar_acoustic_019-088-050.wav,413_guitar
1140,keyboard_acoustic_017-073-025.wav,839_keyboard
1141,keyboard_acoustic_017-098-025.wav,839_keyboard
1142,keyboard_acoustic_019-063-050.wav,940_keyboard
1143,flute_acoustic_013-085-100.wav,285_flute
1144,keyboard_acoustic_019-042-050.wav,940_keyboard
1145,keyboard_acoustic_019-107-075.wav,940_keyboard
1146,keyboard_acoustic_017-028-050.wav,839_keyboard
1147,flute_acoustic_029-073-025.wav,661_flute
1148,keyboard_acoustic_019-106-075.wav,940_keyboard
1149,keyboard_acoustic_019-043-025.wav,940_keyboard
1150,keyboard_acoustic_017-031-127.wav,839_keyboard
1151,guitar_acoustic_025-069-127.wav,508_guitar
1152,keyboard_acoustic_019-039-025.wav,940_keyboard
1153,keyboard_acoustic_019-104-100.wav,940_keyboard
1154,keyboard_acoustic_017-102-100.wav,839_keyboard
1155,flute_acoustic_022-079-050.wav,395_flute
1156,keyboard_acoustic_020-099-127.wav,977_keyboard
1157,keyboard_acoustic_020-090-127.wav,977_keyboard
1158,keyboard_acoustic_019-082-075.wav,940_keyboard
1159,flute_acoustic_029-067-127.wav,661_flute
1160,keyboard_acoustic_019-057-127.wav,940_keyboard
1161,keyboard_acoustic_019-103-050.wav,940_keyboard
1162,keyboard_acoustic_017-084-050.wav,839_keyboard
1163,flute_acoustic_022-077-025.wav,395_flute
1164,keyboard_acoustic_017-097-025.wav,839_keyboard
1165,keyboard_acoustic_017-105-100.wav,839_keyboard
1166,keyboard_acoustic_019-101-127.wav,940_keyboard
1167,guitar_acoustic_019-058-100.wav,413_guitar
1168,keyboard_acoustic_017-035-075.wav,839_keyboard
1169,keyboard_acoustic_017-024-025.wav,839_keyboard
1170,keyboard_acoustic_019-068-100.wav,940_keyboard
1171,guitar_acoustic_019-064-100.wav,413_guitar
1172,keyboard_acoustic_017-073-100.wav,839_keyboard
1173,keyboard_acoustic_017-041-025.wav,839_keyboard
1174,keyboard_acoustic_019-068-025.wav,940_keyboard
1175,flute_acoustic_013-080-050.wav,285_flute
1176,keyboard_acoustic_017-093-025.wav,839_keyboard
1177,keyboard_acoustic_017-043-050.wav,839_keyboard
1178,keyboard_acoustic_020-022-127.wav,977_keyboard
1179,guitar_acoustic_019-083-025.wav,413_guitar
1180,keyboard_acoustic_017-067-100.wav,839_keyboard
1181,keyboard_acoustic_017-086-025.wav,839_keyboard
1182,keyboard_acoustic_019-038-050.wav,940_keyboard
1183,guitar_acoustic_029-074-025.wav,569_guitar
1184,keyboard_acoustic_017-034-050.wav,839_keyboard
1185,keyboard_acoustic_017-101-050.wav,839_keyboard
1186,keyboard_acoustic_019-025-075.wav,940_keyboard
1187,guitar_acoustic_019-044-075.wav,413_guitar
1188,keyboard_acoustic_019-052-025.wav,940_keyboard
1189,keyboard_acoustic_019-071-100.wav,940_keyboard
1190,keyboard_acoustic_017-039-050.wav,839_keyboard
1191,guitar_acoustic_019-079-075.wav,413_guitar
1192,keyboard_acoustic_019-102-050.wav,940_keyboard
1193,keyboard_acoustic_019-073-050.wav,940_keyboard
1194,keyboard_acoustic_017-085-100.wav,839_keyboard
1195,guitar_acoustic_019-093-025.wav,413_guitar
1196,keyboard_acoustic_017-045-025.wav,839_keyboard
1197,keyboard_acoustic_017-043-025.wav,839_keyboard
1198,keyboard_acoustic_019-082-050.wav,940_keyboard
1199,flute_acoustic_029-076-050.wav,661_flute
